file,roi,corrtype,hemi,cb_idx,nvoxels,t
perm_vsm4_FEF_lh_pearson_tstat1.nii,FEF,pearson,lh,0.0,901616,0.08
perm_vsm4_FEF_lh_pearson_tstat1.nii,FEF,pearson,lh,1.0,75,9.91
perm_vsm4_FEF_lh_pearson_tstat1.nii,FEF,pearson,lh,2.0,159,11.51
perm_vsm4_FEF_lh_pearson_tstat1.nii,FEF,pearson,lh,3.0,183,11.60
perm_vsm4_FEF_lh_pearson_tstat1.nii,FEF,pearson,lh,4.0,159,8.70
perm_vsm4_FEF_lh_pearson_tstat1.nii,FEF,pearson,lh,5.0,159,11.01
perm_vsm4_FEF_lh_pearson_tstat1.nii,FEF,pearson,lh,6.0,124,11.57
perm_vsm4_FEF_lh_pearson_tstat1.nii,FEF,pearson,lh,7.0,32,10.23
perm_vsm4_FEF_lh_pearson_tstat1.nii,FEF,pearson,lh,8.0,67,8.85
perm_vsm4_FEF_lh_pearson_tstat1.nii,FEF,pearson,lh,9.0,17,9.01
perm_vsm4_FEF_lh_pearson_tstat1.nii,FEF,pearson,lh,10.0,38,8.79
perm_vsm4_FEF_rh_pearson_tstat1.nii,FEF,pearson,rh,0.0,901616,0.05
perm_vsm4_FEF_rh_pearson_tstat1.nii,FEF,pearson,rh,1.0,75,8.29
perm_vsm4_FEF_rh_pearson_tstat1.nii,FEF,pearson,rh,2.0,159,10.14
perm_vsm4_FEF_rh_pearson_tstat1.nii,FEF,pearson,rh,3.0,183,8.86
perm_vsm4_FEF_rh_pearson_tstat1.nii,FEF,pearson,rh,4.0,159,6.82
perm_vsm4_FEF_rh_pearson_tstat1.nii,FEF,pearson,rh,5.0,159,8.57
perm_vsm4_FEF_rh_pearson_tstat1.nii,FEF,pearson,rh,6.0,124,9.44
perm_vsm4_FEF_rh_pearson_tstat1.nii,FEF,pearson,rh,7.0,32,8.27
perm_vsm4_FEF_rh_pearson_tstat1.nii,FEF,pearson,rh,8.0,67,6.81
perm_vsm4_FEF_rh_pearson_tstat1.nii,FEF,pearson,rh,9.0,17,6.52
perm_vsm4_FEF_rh_pearson_tstat1.nii,FEF,pearson,rh,10.0,38,6.22
perm_vsm4_FEF_bilat_pearson_tstat1.nii,FEF,pearson,bilat,0.0,901616,0.08
perm_vsm4_FEF_bilat_pearson_tstat1.nii,FEF,pearson,bilat,1.0,75,10.67
perm_vsm4_FEF_bilat_pearson_tstat1.nii,FEF,pearson,bilat,2.0,159,12.89
perm_vsm4_FEF_bilat_pearson_tstat1.nii,FEF,pearson,bilat,3.0,183,12.19
perm_vsm4_FEF_bilat_pearson_tstat1.nii,FEF,pearson,bilat,4.0,159,9.16
perm_vsm4_FEF_bilat_pearson_tstat1.nii,FEF,pearson,bilat,5.0,159,11.43
perm_vsm4_FEF_bilat_pearson_tstat1.nii,FEF,pearson,bilat,6.0,124,12.31
perm_vsm4_FEF_bilat_pearson_tstat1.nii,FEF,pearson,bilat,7.0,32,10.72
perm_vsm4_FEF_bilat_pearson_tstat1.nii,FEF,pearson,bilat,8.0,67,9.08
perm_vsm4_FEF_bilat_pearson_tstat1.nii,FEF,pearson,bilat,9.0,17,9.05
perm_vsm4_FEF_bilat_pearson_tstat1.nii,FEF,pearson,bilat,10.0,38,8.81
perm_vsm4_FEF_lh_partial_tstat1.nii,FEF,partial,lh,0.0,901616,0.07
perm_vsm4_FEF_lh_partial_tstat1.nii,FEF,partial,lh,1.0,75,8.93
perm_vsm4_FEF_lh_partial_tstat1.nii,FEF,partial,lh,2.0,159,10.22
perm_vsm4_FEF_lh_partial_tstat1.nii,FEF,partial,lh,3.0,183,10.43
perm_vsm4_FEF_lh_partial_tstat1.nii,FEF,partial,lh,4.0,159,7.83
perm_vsm4_FEF_lh_partial_tstat1.nii,FEF,partial,lh,5.0,159,10.04
perm_vsm4_FEF_lh_partial_tstat1.nii,FEF,partial,lh,6.0,124,10.64
perm_vsm4_FEF_lh_partial_tstat1.nii,FEF,partial,lh,7.0,32,9.43
perm_vsm4_FEF_lh_partial_tstat1.nii,FEF,partial,lh,8.0,67,8.14
perm_vsm4_FEF_lh_partial_tstat1.nii,FEF,partial,lh,9.0,17,8.42
perm_vsm4_FEF_lh_partial_tstat1.nii,FEF,partial,lh,10.0,38,8.17
perm_vsm4_FEF_rh_partial_tstat1.nii,FEF,partial,rh,0.0,901616,0.04
perm_vsm4_FEF_rh_partial_tstat1.nii,FEF,partial,rh,1.0,75,6.56
perm_vsm4_FEF_rh_partial_tstat1.nii,FEF,partial,rh,2.0,159,8.06
perm_vsm4_FEF_rh_partial_tstat1.nii,FEF,partial,rh,3.0,183,6.70
perm_vsm4_FEF_rh_partial_tstat1.nii,FEF,partial,rh,4.0,159,5.29
perm_vsm4_FEF_rh_partial_tstat1.nii,FEF,partial,rh,5.0,159,6.64
perm_vsm4_FEF_rh_partial_tstat1.nii,FEF,partial,rh,6.0,124,7.34
perm_vsm4_FEF_rh_partial_tstat1.nii,FEF,partial,rh,7.0,32,6.46
perm_vsm4_FEF_rh_partial_tstat1.nii,FEF,partial,rh,8.0,67,5.26
perm_vsm4_FEF_rh_partial_tstat1.nii,FEF,partial,rh,9.0,17,4.72
perm_vsm4_FEF_rh_partial_tstat1.nii,FEF,partial,rh,10.0,38,4.42
perm_vsm4_IPS0_lh_pearson_tstat1.nii,IPS0,pearson,lh,0.0,901616,0.08
perm_vsm4_IPS0_lh_pearson_tstat1.nii,IPS0,pearson,lh,1.0,75,10.69
perm_vsm4_IPS0_lh_pearson_tstat1.nii,IPS0,pearson,lh,2.0,159,12.77
perm_vsm4_IPS0_lh_pearson_tstat1.nii,IPS0,pearson,lh,3.0,183,12.79
perm_vsm4_IPS0_lh_pearson_tstat1.nii,IPS0,pearson,lh,4.0,159,9.23
perm_vsm4_IPS0_lh_pearson_tstat1.nii,IPS0,pearson,lh,5.0,159,13.29
perm_vsm4_IPS0_lh_pearson_tstat1.nii,IPS0,pearson,lh,6.0,124,13.64
perm_vsm4_IPS0_lh_pearson_tstat1.nii,IPS0,pearson,lh,7.0,32,12.19
perm_vsm4_IPS0_lh_pearson_tstat1.nii,IPS0,pearson,lh,8.0,67,10.23
perm_vsm4_IPS0_lh_pearson_tstat1.nii,IPS0,pearson,lh,9.0,17,9.63
perm_vsm4_IPS0_lh_pearson_tstat1.nii,IPS0,pearson,lh,10.0,38,9.88
perm_vsm4_IPS0_rh_pearson_tstat1.nii,IPS0,pearson,rh,0.0,901616,0.07
perm_vsm4_IPS0_rh_pearson_tstat1.nii,IPS0,pearson,rh,1.0,75,9.35
perm_vsm4_IPS0_rh_pearson_tstat1.nii,IPS0,pearson,rh,2.0,159,11.88
perm_vsm4_IPS0_rh_pearson_tstat1.nii,IPS0,pearson,rh,3.0,183,11.99
perm_vsm4_IPS0_rh_pearson_tstat1.nii,IPS0,pearson,rh,4.0,159,8.70
perm_vsm4_IPS0_rh_pearson_tstat1.nii,IPS0,pearson,rh,5.0,159,13.41
perm_vsm4_IPS0_rh_pearson_tstat1.nii,IPS0,pearson,rh,6.0,124,13.05
perm_vsm4_IPS0_rh_pearson_tstat1.nii,IPS0,pearson,rh,7.0,32,11.77
perm_vsm4_IPS0_rh_pearson_tstat1.nii,IPS0,pearson,rh,8.0,67,9.77
perm_vsm4_IPS0_rh_pearson_tstat1.nii,IPS0,pearson,rh,9.0,17,9.36
perm_vsm4_IPS0_rh_pearson_tstat1.nii,IPS0,pearson,rh,10.0,38,9.46
perm_vsm4_IPS0_bilat_pearson_tstat1.nii,IPS0,pearson,bilat,0.0,901616,0.08
perm_vsm4_IPS0_bilat_pearson_tstat1.nii,IPS0,pearson,bilat,1.0,75,10.77
perm_vsm4_IPS0_bilat_pearson_tstat1.nii,IPS0,pearson,bilat,2.0,159,13.30
perm_vsm4_IPS0_bilat_pearson_tstat1.nii,IPS0,pearson,bilat,3.0,183,13.37
perm_vsm4_IPS0_bilat_pearson_tstat1.nii,IPS0,pearson,bilat,4.0,159,9.78
perm_vsm4_IPS0_bilat_pearson_tstat1.nii,IPS0,pearson,bilat,5.0,159,14.32
perm_vsm4_IPS0_bilat_pearson_tstat1.nii,IPS0,pearson,bilat,6.0,124,14.27
perm_vsm4_IPS0_bilat_pearson_tstat1.nii,IPS0,pearson,bilat,7.0,32,12.72
perm_vsm4_IPS0_bilat_pearson_tstat1.nii,IPS0,pearson,bilat,8.0,67,10.60
perm_vsm4_IPS0_bilat_pearson_tstat1.nii,IPS0,pearson,bilat,9.0,17,10.13
perm_vsm4_IPS0_bilat_pearson_tstat1.nii,IPS0,pearson,bilat,10.0,38,10.32
perm_vsm4_IPS0_lh_partial_tstat1.nii,IPS0,partial,lh,0.0,901616,0.05
perm_vsm4_IPS0_lh_partial_tstat1.nii,IPS0,partial,lh,1.0,75,6.08
perm_vsm4_IPS0_lh_partial_tstat1.nii,IPS0,partial,lh,2.0,159,6.63
perm_vsm4_IPS0_lh_partial_tstat1.nii,IPS0,partial,lh,3.0,183,5.90
perm_vsm4_IPS0_lh_partial_tstat1.nii,IPS0,partial,lh,4.0,159,4.65
perm_vsm4_IPS0_lh_partial_tstat1.nii,IPS0,partial,lh,5.0,159,5.62
perm_vsm4_IPS0_lh_partial_tstat1.nii,IPS0,partial,lh,6.0,124,6.65
perm_vsm4_IPS0_lh_partial_tstat1.nii,IPS0,partial,lh,7.0,32,6.31
perm_vsm4_IPS0_lh_partial_tstat1.nii,IPS0,partial,lh,8.0,67,5.37
perm_vsm4_IPS0_lh_partial_tstat1.nii,IPS0,partial,lh,9.0,17,4.89
perm_vsm4_IPS0_lh_partial_tstat1.nii,IPS0,partial,lh,10.0,38,4.95
perm_vsm4_IPS0_rh_partial_tstat1.nii,IPS0,partial,rh,0.0,901616,0.02
perm_vsm4_IPS0_rh_partial_tstat1.nii,IPS0,partial,rh,1.0,75,2.57
perm_vsm4_IPS0_rh_partial_tstat1.nii,IPS0,partial,rh,2.0,159,3.74
perm_vsm4_IPS0_rh_partial_tstat1.nii,IPS0,partial,rh,3.0,183,4.60
perm_vsm4_IPS0_rh_partial_tstat1.nii,IPS0,partial,rh,4.0,159,2.91
perm_vsm4_IPS0_rh_partial_tstat1.nii,IPS0,partial,rh,5.0,159,6.30
perm_vsm4_IPS0_rh_partial_tstat1.nii,IPS0,partial,rh,6.0,124,5.39
perm_vsm4_IPS0_rh_partial_tstat1.nii,IPS0,partial,rh,7.0,32,5.43
perm_vsm4_IPS0_rh_partial_tstat1.nii,IPS0,partial,rh,8.0,67,4.50
perm_vsm4_IPS0_rh_partial_tstat1.nii,IPS0,partial,rh,9.0,17,4.12
perm_vsm4_IPS0_rh_partial_tstat1.nii,IPS0,partial,rh,10.0,38,4.14
perm_vsm4_IPS1_lh_pearson_tstat1.nii,IPS1,pearson,lh,0.0,901616,0.09
perm_vsm4_IPS1_lh_pearson_tstat1.nii,IPS1,pearson,lh,1.0,75,11.38
perm_vsm4_IPS1_lh_pearson_tstat1.nii,IPS1,pearson,lh,2.0,159,13.49
perm_vsm4_IPS1_lh_pearson_tstat1.nii,IPS1,pearson,lh,3.0,183,12.57
perm_vsm4_IPS1_lh_pearson_tstat1.nii,IPS1,pearson,lh,4.0,159,9.83
perm_vsm4_IPS1_lh_pearson_tstat1.nii,IPS1,pearson,lh,5.0,159,11.55
perm_vsm4_IPS1_lh_pearson_tstat1.nii,IPS1,pearson,lh,6.0,124,12.19
perm_vsm4_IPS1_lh_pearson_tstat1.nii,IPS1,pearson,lh,7.0,32,11.27
perm_vsm4_IPS1_lh_pearson_tstat1.nii,IPS1,pearson,lh,8.0,67,9.11
perm_vsm4_IPS1_lh_pearson_tstat1.nii,IPS1,pearson,lh,9.0,17,8.70
perm_vsm4_IPS1_lh_pearson_tstat1.nii,IPS1,pearson,lh,10.0,38,8.29
perm_vsm4_IPS1_rh_pearson_tstat1.nii,IPS1,pearson,rh,0.0,901616,0.08
perm_vsm4_IPS1_rh_pearson_tstat1.nii,IPS1,pearson,rh,1.0,75,9.68
perm_vsm4_IPS1_rh_pearson_tstat1.nii,IPS1,pearson,rh,2.0,159,11.70
perm_vsm4_IPS1_rh_pearson_tstat1.nii,IPS1,pearson,rh,3.0,183,11.32
perm_vsm4_IPS1_rh_pearson_tstat1.nii,IPS1,pearson,rh,4.0,159,9.19
perm_vsm4_IPS1_rh_pearson_tstat1.nii,IPS1,pearson,rh,5.0,159,11.69
perm_vsm4_IPS1_rh_pearson_tstat1.nii,IPS1,pearson,rh,6.0,124,11.43
perm_vsm4_IPS1_rh_pearson_tstat1.nii,IPS1,pearson,rh,7.0,32,10.56
perm_vsm4_IPS1_rh_pearson_tstat1.nii,IPS1,pearson,rh,8.0,67,8.60
perm_vsm4_IPS1_rh_pearson_tstat1.nii,IPS1,pearson,rh,9.0,17,8.09
perm_vsm4_IPS1_rh_pearson_tstat1.nii,IPS1,pearson,rh,10.0,38,7.73
perm_vsm4_IPS1_bilat_pearson_tstat1.nii,IPS1,pearson,bilat,0.0,901616,0.10
perm_vsm4_IPS1_bilat_pearson_tstat1.nii,IPS1,pearson,bilat,1.0,75,11.50
perm_vsm4_IPS1_bilat_pearson_tstat1.nii,IPS1,pearson,bilat,2.0,159,13.90
perm_vsm4_IPS1_bilat_pearson_tstat1.nii,IPS1,pearson,bilat,3.0,183,13.14
perm_vsm4_IPS1_bilat_pearson_tstat1.nii,IPS1,pearson,bilat,4.0,159,10.62
perm_vsm4_IPS1_bilat_pearson_tstat1.nii,IPS1,pearson,bilat,5.0,159,12.73
perm_vsm4_IPS1_bilat_pearson_tstat1.nii,IPS1,pearson,bilat,6.0,124,12.86
perm_vsm4_IPS1_bilat_pearson_tstat1.nii,IPS1,pearson,bilat,7.0,32,11.84
perm_vsm4_IPS1_bilat_pearson_tstat1.nii,IPS1,pearson,bilat,8.0,67,9.57
perm_vsm4_IPS1_bilat_pearson_tstat1.nii,IPS1,pearson,bilat,9.0,17,9.17
perm_vsm4_IPS1_bilat_pearson_tstat1.nii,IPS1,pearson,bilat,10.0,38,8.76
perm_vsm4_IPS1_lh_partial_tstat1.nii,IPS1,partial,lh,0.0,901616,0.06
perm_vsm4_IPS1_lh_partial_tstat1.nii,IPS1,partial,lh,1.0,75,6.86
perm_vsm4_IPS1_lh_partial_tstat1.nii,IPS1,partial,lh,2.0,159,8.13
perm_vsm4_IPS1_lh_partial_tstat1.nii,IPS1,partial,lh,3.0,183,6.42
perm_vsm4_IPS1_lh_partial_tstat1.nii,IPS1,partial,lh,4.0,159,5.25
perm_vsm4_IPS1_lh_partial_tstat1.nii,IPS1,partial,lh,5.0,159,5.44
perm_vsm4_IPS1_lh_partial_tstat1.nii,IPS1,partial,lh,6.0,124,6.66
perm_vsm4_IPS1_lh_partial_tstat1.nii,IPS1,partial,lh,7.0,32,6.42
perm_vsm4_IPS1_lh_partial_tstat1.nii,IPS1,partial,lh,8.0,67,4.99
perm_vsm4_IPS1_lh_partial_tstat1.nii,IPS1,partial,lh,9.0,17,5.10
perm_vsm4_IPS1_lh_partial_tstat1.nii,IPS1,partial,lh,10.0,38,4.61
perm_vsm4_IPS1_rh_partial_tstat1.nii,IPS1,partial,rh,0.0,901616,0.04
perm_vsm4_IPS1_rh_partial_tstat1.nii,IPS1,partial,rh,1.0,75,4.33
perm_vsm4_IPS1_rh_partial_tstat1.nii,IPS1,partial,rh,2.0,159,5.07
perm_vsm4_IPS1_rh_partial_tstat1.nii,IPS1,partial,rh,3.0,183,5.96
perm_vsm4_IPS1_rh_partial_tstat1.nii,IPS1,partial,rh,4.0,159,4.75
perm_vsm4_IPS1_rh_partial_tstat1.nii,IPS1,partial,rh,5.0,159,7.14
perm_vsm4_IPS1_rh_partial_tstat1.nii,IPS1,partial,rh,6.0,124,6.29
perm_vsm4_IPS1_rh_partial_tstat1.nii,IPS1,partial,rh,7.0,32,6.01
perm_vsm4_IPS1_rh_partial_tstat1.nii,IPS1,partial,rh,8.0,67,5.06
perm_vsm4_IPS1_rh_partial_tstat1.nii,IPS1,partial,rh,9.0,17,4.36
perm_vsm4_IPS1_rh_partial_tstat1.nii,IPS1,partial,rh,10.0,38,4.30
perm_vsm4_IPS2_lh_pearson_tstat1.nii,IPS2,pearson,lh,0.0,901616,0.09
perm_vsm4_IPS2_lh_pearson_tstat1.nii,IPS2,pearson,lh,1.0,75,11.77
perm_vsm4_IPS2_lh_pearson_tstat1.nii,IPS2,pearson,lh,2.0,159,13.89
perm_vsm4_IPS2_lh_pearson_tstat1.nii,IPS2,pearson,lh,3.0,183,12.18
perm_vsm4_IPS2_lh_pearson_tstat1.nii,IPS2,pearson,lh,4.0,159,9.91
perm_vsm4_IPS2_lh_pearson_tstat1.nii,IPS2,pearson,lh,5.0,159,10.55
perm_vsm4_IPS2_lh_pearson_tstat1.nii,IPS2,pearson,lh,6.0,124,11.09
perm_vsm4_IPS2_lh_pearson_tstat1.nii,IPS2,pearson,lh,7.0,32,10.69
perm_vsm4_IPS2_lh_pearson_tstat1.nii,IPS2,pearson,lh,8.0,67,8.53
perm_vsm4_IPS2_lh_pearson_tstat1.nii,IPS2,pearson,lh,9.0,17,8.46
perm_vsm4_IPS2_lh_pearson_tstat1.nii,IPS2,pearson,lh,10.0,38,7.88
perm_vsm4_IPS2_rh_pearson_tstat1.nii,IPS2,pearson,rh,0.0,901616,0.09
perm_vsm4_IPS2_rh_pearson_tstat1.nii,IPS2,pearson,rh,1.0,75,11.74
perm_vsm4_IPS2_rh_pearson_tstat1.nii,IPS2,pearson,rh,2.0,159,14.49
perm_vsm4_IPS2_rh_pearson_tstat1.nii,IPS2,pearson,rh,3.0,183,12.80
perm_vsm4_IPS2_rh_pearson_tstat1.nii,IPS2,pearson,rh,4.0,159,10.74
perm_vsm4_IPS2_rh_pearson_tstat1.nii,IPS2,pearson,rh,5.0,159,11.65
perm_vsm4_IPS2_rh_pearson_tstat1.nii,IPS2,pearson,rh,6.0,124,12.10
perm_vsm4_IPS2_rh_pearson_tstat1.nii,IPS2,pearson,rh,7.0,32,11.53
perm_vsm4_IPS2_rh_pearson_tstat1.nii,IPS2,pearson,rh,8.0,67,9.01
perm_vsm4_IPS2_rh_pearson_tstat1.nii,IPS2,pearson,rh,9.0,17,9.07
perm_vsm4_IPS2_rh_pearson_tstat1.nii,IPS2,pearson,rh,10.0,38,8.17
perm_vsm4_IPS2_bilat_pearson_tstat1.nii,IPS2,pearson,bilat,0.0,901616,0.10
perm_vsm4_IPS2_bilat_pearson_tstat1.nii,IPS2,pearson,bilat,1.0,75,12.85
perm_vsm4_IPS2_bilat_pearson_tstat1.nii,IPS2,pearson,bilat,2.0,159,15.56
perm_vsm4_IPS2_bilat_pearson_tstat1.nii,IPS2,pearson,bilat,3.0,183,13.84
perm_vsm4_IPS2_bilat_pearson_tstat1.nii,IPS2,pearson,bilat,4.0,159,11.40
perm_vsm4_IPS2_bilat_pearson_tstat1.nii,IPS2,pearson,bilat,5.0,159,12.07
perm_vsm4_IPS2_bilat_pearson_tstat1.nii,IPS2,pearson,bilat,6.0,124,12.53
perm_vsm4_IPS2_bilat_pearson_tstat1.nii,IPS2,pearson,bilat,7.0,32,11.99
perm_vsm4_IPS2_bilat_pearson_tstat1.nii,IPS2,pearson,bilat,8.0,67,9.51
perm_vsm4_IPS2_bilat_pearson_tstat1.nii,IPS2,pearson,bilat,9.0,17,9.51
perm_vsm4_IPS2_bilat_pearson_tstat1.nii,IPS2,pearson,bilat,10.0,38,8.73
perm_vsm4_IPS2_lh_partial_tstat1.nii,IPS2,partial,lh,0.0,901616,0.05
perm_vsm4_IPS2_lh_partial_tstat1.nii,IPS2,partial,lh,1.0,75,7.29
perm_vsm4_IPS2_lh_partial_tstat1.nii,IPS2,partial,lh,2.0,159,8.34
perm_vsm4_IPS2_lh_partial_tstat1.nii,IPS2,partial,lh,3.0,183,6.30
perm_vsm4_IPS2_lh_partial_tstat1.nii,IPS2,partial,lh,4.0,159,5.17
perm_vsm4_IPS2_lh_partial_tstat1.nii,IPS2,partial,lh,5.0,159,5.14
perm_vsm4_IPS2_lh_partial_tstat1.nii,IPS2,partial,lh,6.0,124,6.02
perm_vsm4_IPS2_lh_partial_tstat1.nii,IPS2,partial,lh,7.0,32,5.58
perm_vsm4_IPS2_lh_partial_tstat1.nii,IPS2,partial,lh,8.0,67,4.61
perm_vsm4_IPS2_lh_partial_tstat1.nii,IPS2,partial,lh,9.0,17,4.66
perm_vsm4_IPS2_lh_partial_tstat1.nii,IPS2,partial,lh,10.0,38,4.45
perm_vsm4_IPS2_rh_partial_tstat1.nii,IPS2,partial,rh,0.0,901616,0.05
perm_vsm4_IPS2_rh_partial_tstat1.nii,IPS2,partial,rh,1.0,75,5.21
perm_vsm4_IPS2_rh_partial_tstat1.nii,IPS2,partial,rh,2.0,159,6.25
perm_vsm4_IPS2_rh_partial_tstat1.nii,IPS2,partial,rh,3.0,183,6.72
perm_vsm4_IPS2_rh_partial_tstat1.nii,IPS2,partial,rh,4.0,159,5.67
perm_vsm4_IPS2_rh_partial_tstat1.nii,IPS2,partial,rh,5.0,159,7.03
perm_vsm4_IPS2_rh_partial_tstat1.nii,IPS2,partial,rh,6.0,124,6.75
perm_vsm4_IPS2_rh_partial_tstat1.nii,IPS2,partial,rh,7.0,32,6.86
perm_vsm4_IPS2_rh_partial_tstat1.nii,IPS2,partial,rh,8.0,67,5.29
perm_vsm4_IPS2_rh_partial_tstat1.nii,IPS2,partial,rh,9.0,17,5.02
perm_vsm4_IPS2_rh_partial_tstat1.nii,IPS2,partial,rh,10.0,38,4.28
perm_vsm4_IPS3_lh_pearson_tstat1.nii,IPS3,pearson,lh,0.0,901616,0.05
perm_vsm4_IPS3_lh_pearson_tstat1.nii,IPS3,pearson,lh,1.0,75,8.93
perm_vsm4_IPS3_lh_pearson_tstat1.nii,IPS3,pearson,lh,2.0,159,11.19
perm_vsm4_IPS3_lh_pearson_tstat1.nii,IPS3,pearson,lh,3.0,183,9.76
perm_vsm4_IPS3_lh_pearson_tstat1.nii,IPS3,pearson,lh,4.0,159,7.59
perm_vsm4_IPS3_lh_pearson_tstat1.nii,IPS3,pearson,lh,5.0,159,10.27
perm_vsm4_IPS3_lh_pearson_tstat1.nii,IPS3,pearson,lh,6.0,124,10.11
perm_vsm4_IPS3_lh_pearson_tstat1.nii,IPS3,pearson,lh,7.0,32,9.44
perm_vsm4_IPS3_lh_pearson_tstat1.nii,IPS3,pearson,lh,8.0,67,7.77
perm_vsm4_IPS3_lh_pearson_tstat1.nii,IPS3,pearson,lh,9.0,17,7.14
perm_vsm4_IPS3_lh_pearson_tstat1.nii,IPS3,pearson,lh,10.0,38,7.06
perm_vsm4_IPS3_rh_pearson_tstat1.nii,IPS3,pearson,rh,0.0,901616,0.06
perm_vsm4_IPS3_rh_pearson_tstat1.nii,IPS3,pearson,rh,1.0,75,10.46
perm_vsm4_IPS3_rh_pearson_tstat1.nii,IPS3,pearson,rh,2.0,159,12.43
perm_vsm4_IPS3_rh_pearson_tstat1.nii,IPS3,pearson,rh,3.0,183,12.78
perm_vsm4_IPS3_rh_pearson_tstat1.nii,IPS3,pearson,rh,4.0,159,8.69
perm_vsm4_IPS3_rh_pearson_tstat1.nii,IPS3,pearson,rh,5.0,159,12.71
perm_vsm4_IPS3_rh_pearson_tstat1.nii,IPS3,pearson,rh,6.0,124,12.50
perm_vsm4_IPS3_rh_pearson_tstat1.nii,IPS3,pearson,rh,7.0,32,11.51
perm_vsm4_IPS3_rh_pearson_tstat1.nii,IPS3,pearson,rh,8.0,67,9.91
perm_vsm4_IPS3_rh_pearson_tstat1.nii,IPS3,pearson,rh,9.0,17,8.39
perm_vsm4_IPS3_rh_pearson_tstat1.nii,IPS3,pearson,rh,10.0,38,8.76
perm_vsm4_IPS3_bilat_pearson_tstat1.nii,IPS3,pearson,bilat,0.0,901616,0.06
perm_vsm4_IPS3_bilat_pearson_tstat1.nii,IPS3,pearson,bilat,1.0,75,10.47
perm_vsm4_IPS3_bilat_pearson_tstat1.nii,IPS3,pearson,bilat,2.0,159,12.95
perm_vsm4_IPS3_bilat_pearson_tstat1.nii,IPS3,pearson,bilat,3.0,183,12.26
perm_vsm4_IPS3_bilat_pearson_tstat1.nii,IPS3,pearson,bilat,4.0,159,8.99
perm_vsm4_IPS3_bilat_pearson_tstat1.nii,IPS3,pearson,bilat,5.0,159,12.48
perm_vsm4_IPS3_bilat_pearson_tstat1.nii,IPS3,pearson,bilat,6.0,124,12.20
perm_vsm4_IPS3_bilat_pearson_tstat1.nii,IPS3,pearson,bilat,7.0,32,11.34
perm_vsm4_IPS3_bilat_pearson_tstat1.nii,IPS3,pearson,bilat,8.0,67,9.47
perm_vsm4_IPS3_bilat_pearson_tstat1.nii,IPS3,pearson,bilat,9.0,17,8.48
perm_vsm4_IPS3_bilat_pearson_tstat1.nii,IPS3,pearson,bilat,10.0,38,8.58
perm_vsm4_IPS3_lh_partial_tstat1.nii,IPS3,partial,lh,0.0,901616,0.04
perm_vsm4_IPS3_lh_partial_tstat1.nii,IPS3,partial,lh,1.0,75,5.78
perm_vsm4_IPS3_lh_partial_tstat1.nii,IPS3,partial,lh,2.0,159,7.03
perm_vsm4_IPS3_lh_partial_tstat1.nii,IPS3,partial,lh,3.0,183,4.72
perm_vsm4_IPS3_lh_partial_tstat1.nii,IPS3,partial,lh,4.0,159,4.70
perm_vsm4_IPS3_lh_partial_tstat1.nii,IPS3,partial,lh,5.0,159,5.38
perm_vsm4_IPS3_lh_partial_tstat1.nii,IPS3,partial,lh,6.0,124,5.94
perm_vsm4_IPS3_lh_partial_tstat1.nii,IPS3,partial,lh,7.0,32,5.26
perm_vsm4_IPS3_lh_partial_tstat1.nii,IPS3,partial,lh,8.0,67,4.11
perm_vsm4_IPS3_lh_partial_tstat1.nii,IPS3,partial,lh,9.0,17,4.32
perm_vsm4_IPS3_lh_partial_tstat1.nii,IPS3,partial,lh,10.0,38,4.03
perm_vsm4_IPS3_rh_partial_tstat1.nii,IPS3,partial,rh,0.0,901616,0.05
perm_vsm4_IPS3_rh_partial_tstat1.nii,IPS3,partial,rh,1.0,75,7.40
perm_vsm4_IPS3_rh_partial_tstat1.nii,IPS3,partial,rh,2.0,159,8.64
perm_vsm4_IPS3_rh_partial_tstat1.nii,IPS3,partial,rh,3.0,183,10.38
perm_vsm4_IPS3_rh_partial_tstat1.nii,IPS3,partial,rh,4.0,159,6.67
perm_vsm4_IPS3_rh_partial_tstat1.nii,IPS3,partial,rh,5.0,159,10.63
perm_vsm4_IPS3_rh_partial_tstat1.nii,IPS3,partial,rh,6.0,124,9.93
perm_vsm4_IPS3_rh_partial_tstat1.nii,IPS3,partial,rh,7.0,32,9.31
perm_vsm4_IPS3_rh_partial_tstat1.nii,IPS3,partial,rh,8.0,67,8.22
perm_vsm4_IPS3_rh_partial_tstat1.nii,IPS3,partial,rh,9.0,17,6.47
perm_vsm4_IPS3_rh_partial_tstat1.nii,IPS3,partial,rh,10.0,38,6.92
perm_vsm4_IPS4_lh_pearson_tstat1.nii,IPS4,pearson,lh,0.0,901616,0.06
perm_vsm4_IPS4_lh_pearson_tstat1.nii,IPS4,pearson,lh,1.0,75,8.28
perm_vsm4_IPS4_lh_pearson_tstat1.nii,IPS4,pearson,lh,2.0,159,10.24
perm_vsm4_IPS4_lh_pearson_tstat1.nii,IPS4,pearson,lh,3.0,183,9.23
perm_vsm4_IPS4_lh_pearson_tstat1.nii,IPS4,pearson,lh,4.0,159,7.45
perm_vsm4_IPS4_lh_pearson_tstat1.nii,IPS4,pearson,lh,5.0,159,10.46
perm_vsm4_IPS4_lh_pearson_tstat1.nii,IPS4,pearson,lh,6.0,124,10.26
perm_vsm4_IPS4_lh_pearson_tstat1.nii,IPS4,pearson,lh,7.0,32,9.60
perm_vsm4_IPS4_lh_pearson_tstat1.nii,IPS4,pearson,lh,8.0,67,7.96
perm_vsm4_IPS4_lh_pearson_tstat1.nii,IPS4,pearson,lh,9.0,17,7.45
perm_vsm4_IPS4_lh_pearson_tstat1.nii,IPS4,pearson,lh,10.0,38,7.63
perm_vsm4_IPS4_rh_pearson_tstat1.nii,IPS4,pearson,rh,0.0,901616,0.04
perm_vsm4_IPS4_rh_pearson_tstat1.nii,IPS4,pearson,rh,1.0,75,7.82
perm_vsm4_IPS4_rh_pearson_tstat1.nii,IPS4,pearson,rh,2.0,159,9.05
perm_vsm4_IPS4_rh_pearson_tstat1.nii,IPS4,pearson,rh,3.0,183,9.70
perm_vsm4_IPS4_rh_pearson_tstat1.nii,IPS4,pearson,rh,4.0,159,6.27
perm_vsm4_IPS4_rh_pearson_tstat1.nii,IPS4,pearson,rh,5.0,159,10.53
perm_vsm4_IPS4_rh_pearson_tstat1.nii,IPS4,pearson,rh,6.0,124,10.49
perm_vsm4_IPS4_rh_pearson_tstat1.nii,IPS4,pearson,rh,7.0,32,8.78
perm_vsm4_IPS4_rh_pearson_tstat1.nii,IPS4,pearson,rh,8.0,67,8.20
perm_vsm4_IPS4_rh_pearson_tstat1.nii,IPS4,pearson,rh,9.0,17,6.17
perm_vsm4_IPS4_rh_pearson_tstat1.nii,IPS4,pearson,rh,10.0,38,6.96
perm_vsm4_IPS4_bilat_pearson_tstat1.nii,IPS4,pearson,bilat,0.0,901616,0.07
perm_vsm4_IPS4_bilat_pearson_tstat1.nii,IPS4,pearson,bilat,1.0,75,10.29
perm_vsm4_IPS4_bilat_pearson_tstat1.nii,IPS4,pearson,bilat,2.0,159,12.38
perm_vsm4_IPS4_bilat_pearson_tstat1.nii,IPS4,pearson,bilat,3.0,183,12.34
perm_vsm4_IPS4_bilat_pearson_tstat1.nii,IPS4,pearson,bilat,4.0,159,9.02
perm_vsm4_IPS4_bilat_pearson_tstat1.nii,IPS4,pearson,bilat,5.0,159,13.26
perm_vsm4_IPS4_bilat_pearson_tstat1.nii,IPS4,pearson,bilat,6.0,124,13.07
perm_vsm4_IPS4_bilat_pearson_tstat1.nii,IPS4,pearson,bilat,7.0,32,11.37
perm_vsm4_IPS4_bilat_pearson_tstat1.nii,IPS4,pearson,bilat,8.0,67,9.89
perm_vsm4_IPS4_bilat_pearson_tstat1.nii,IPS4,pearson,bilat,9.0,17,8.59
perm_vsm4_IPS4_bilat_pearson_tstat1.nii,IPS4,pearson,bilat,10.0,38,9.17
perm_vsm4_IPS4_lh_partial_tstat1.nii,IPS4,partial,lh,0.0,901616,0.06
perm_vsm4_IPS4_lh_partial_tstat1.nii,IPS4,partial,lh,1.0,75,7.88
perm_vsm4_IPS4_lh_partial_tstat1.nii,IPS4,partial,lh,2.0,159,9.32
perm_vsm4_IPS4_lh_partial_tstat1.nii,IPS4,partial,lh,3.0,183,8.22
perm_vsm4_IPS4_lh_partial_tstat1.nii,IPS4,partial,lh,4.0,159,7.09
perm_vsm4_IPS4_lh_partial_tstat1.nii,IPS4,partial,lh,5.0,159,9.25
perm_vsm4_IPS4_lh_partial_tstat1.nii,IPS4,partial,lh,6.0,124,9.46
perm_vsm4_IPS4_lh_partial_tstat1.nii,IPS4,partial,lh,7.0,32,9.04
perm_vsm4_IPS4_lh_partial_tstat1.nii,IPS4,partial,lh,8.0,67,7.29
perm_vsm4_IPS4_lh_partial_tstat1.nii,IPS4,partial,lh,9.0,17,7.19
perm_vsm4_IPS4_lh_partial_tstat1.nii,IPS4,partial,lh,10.0,38,7.29
perm_vsm4_IPS4_rh_partial_tstat1.nii,IPS4,partial,rh,0.0,901616,0.03
perm_vsm4_IPS4_rh_partial_tstat1.nii,IPS4,partial,rh,1.0,75,6.52
perm_vsm4_IPS4_rh_partial_tstat1.nii,IPS4,partial,rh,2.0,159,7.67
perm_vsm4_IPS4_rh_partial_tstat1.nii,IPS4,partial,rh,3.0,183,8.59
perm_vsm4_IPS4_rh_partial_tstat1.nii,IPS4,partial,rh,4.0,159,5.30
perm_vsm4_IPS4_rh_partial_tstat1.nii,IPS4,partial,rh,5.0,159,9.63
perm_vsm4_IPS4_rh_partial_tstat1.nii,IPS4,partial,rh,6.0,124,9.18
perm_vsm4_IPS4_rh_partial_tstat1.nii,IPS4,partial,rh,7.0,32,7.55
perm_vsm4_IPS4_rh_partial_tstat1.nii,IPS4,partial,rh,8.0,67,7.25
perm_vsm4_IPS4_rh_partial_tstat1.nii,IPS4,partial,rh,9.0,17,4.95
perm_vsm4_IPS4_rh_partial_tstat1.nii,IPS4,partial,rh,10.0,38,5.75
perm_vsm4_IPS5_lh_pearson_tstat1.nii,IPS5,pearson,lh,0.0,901616,0.06
perm_vsm4_IPS5_lh_pearson_tstat1.nii,IPS5,pearson,lh,1.0,75,7.48
perm_vsm4_IPS5_lh_pearson_tstat1.nii,IPS5,pearson,lh,2.0,159,9.41
perm_vsm4_IPS5_lh_pearson_tstat1.nii,IPS5,pearson,lh,3.0,183,7.97
perm_vsm4_IPS5_lh_pearson_tstat1.nii,IPS5,pearson,lh,4.0,159,6.59
perm_vsm4_IPS5_lh_pearson_tstat1.nii,IPS5,pearson,lh,5.0,159,9.14
perm_vsm4_IPS5_lh_pearson_tstat1.nii,IPS5,pearson,lh,6.0,124,9.07
perm_vsm4_IPS5_lh_pearson_tstat1.nii,IPS5,pearson,lh,7.0,32,8.67
perm_vsm4_IPS5_lh_pearson_tstat1.nii,IPS5,pearson,lh,8.0,67,6.86
perm_vsm4_IPS5_lh_pearson_tstat1.nii,IPS5,pearson,lh,9.0,17,7.04
perm_vsm4_IPS5_lh_pearson_tstat1.nii,IPS5,pearson,lh,10.0,38,6.72
perm_vsm4_IPS5_rh_pearson_tstat1.nii,IPS5,pearson,rh,0.0,901616,0.04
perm_vsm4_IPS5_rh_pearson_tstat1.nii,IPS5,pearson,rh,1.0,75,6.36
perm_vsm4_IPS5_rh_pearson_tstat1.nii,IPS5,pearson,rh,2.0,159,6.74
perm_vsm4_IPS5_rh_pearson_tstat1.nii,IPS5,pearson,rh,3.0,183,8.09
perm_vsm4_IPS5_rh_pearson_tstat1.nii,IPS5,pearson,rh,4.0,159,5.43
perm_vsm4_IPS5_rh_pearson_tstat1.nii,IPS5,pearson,rh,5.0,159,8.28
perm_vsm4_IPS5_rh_pearson_tstat1.nii,IPS5,pearson,rh,6.0,124,8.20
perm_vsm4_IPS5_rh_pearson_tstat1.nii,IPS5,pearson,rh,7.0,32,5.86
perm_vsm4_IPS5_rh_pearson_tstat1.nii,IPS5,pearson,rh,8.0,67,5.46
perm_vsm4_IPS5_rh_pearson_tstat1.nii,IPS5,pearson,rh,9.0,17,4.38
perm_vsm4_IPS5_rh_pearson_tstat1.nii,IPS5,pearson,rh,10.0,38,4.31
perm_vsm4_IPS5_bilat_pearson_tstat1.nii,IPS5,pearson,bilat,0.0,901616,0.07
perm_vsm4_IPS5_bilat_pearson_tstat1.nii,IPS5,pearson,bilat,1.0,75,9.49
perm_vsm4_IPS5_bilat_pearson_tstat1.nii,IPS5,pearson,bilat,2.0,159,11.04
perm_vsm4_IPS5_bilat_pearson_tstat1.nii,IPS5,pearson,bilat,3.0,183,11.27
perm_vsm4_IPS5_bilat_pearson_tstat1.nii,IPS5,pearson,bilat,4.0,159,8.43
perm_vsm4_IPS5_bilat_pearson_tstat1.nii,IPS5,pearson,bilat,5.0,159,11.73
perm_vsm4_IPS5_bilat_pearson_tstat1.nii,IPS5,pearson,bilat,6.0,124,11.70
perm_vsm4_IPS5_bilat_pearson_tstat1.nii,IPS5,pearson,bilat,7.0,32,9.48
perm_vsm4_IPS5_bilat_pearson_tstat1.nii,IPS5,pearson,bilat,8.0,67,8.11
perm_vsm4_IPS5_bilat_pearson_tstat1.nii,IPS5,pearson,bilat,9.0,17,7.59
perm_vsm4_IPS5_bilat_pearson_tstat1.nii,IPS5,pearson,bilat,10.0,38,7.35
perm_vsm4_IPS5_lh_partial_tstat1.nii,IPS5,partial,lh,0.0,901616,0.06
perm_vsm4_IPS5_lh_partial_tstat1.nii,IPS5,partial,lh,1.0,75,7.21
perm_vsm4_IPS5_lh_partial_tstat1.nii,IPS5,partial,lh,2.0,159,9.05
perm_vsm4_IPS5_lh_partial_tstat1.nii,IPS5,partial,lh,3.0,183,7.53
perm_vsm4_IPS5_lh_partial_tstat1.nii,IPS5,partial,lh,4.0,159,6.32
perm_vsm4_IPS5_lh_partial_tstat1.nii,IPS5,partial,lh,5.0,159,8.70
perm_vsm4_IPS5_lh_partial_tstat1.nii,IPS5,partial,lh,6.0,124,8.75
perm_vsm4_IPS5_lh_partial_tstat1.nii,IPS5,partial,lh,7.0,32,8.47
perm_vsm4_IPS5_lh_partial_tstat1.nii,IPS5,partial,lh,8.0,67,6.67
perm_vsm4_IPS5_lh_partial_tstat1.nii,IPS5,partial,lh,9.0,17,6.97
perm_vsm4_IPS5_lh_partial_tstat1.nii,IPS5,partial,lh,10.0,38,6.70
perm_vsm4_IPS5_rh_partial_tstat1.nii,IPS5,partial,rh,0.0,901616,0.04
perm_vsm4_IPS5_rh_partial_tstat1.nii,IPS5,partial,rh,1.0,75,5.78
perm_vsm4_IPS5_rh_partial_tstat1.nii,IPS5,partial,rh,2.0,159,6.02
perm_vsm4_IPS5_rh_partial_tstat1.nii,IPS5,partial,rh,3.0,183,7.50
perm_vsm4_IPS5_rh_partial_tstat1.nii,IPS5,partial,rh,4.0,159,5.04
perm_vsm4_IPS5_rh_partial_tstat1.nii,IPS5,partial,rh,5.0,159,7.72
perm_vsm4_IPS5_rh_partial_tstat1.nii,IPS5,partial,rh,6.0,124,7.52
perm_vsm4_IPS5_rh_partial_tstat1.nii,IPS5,partial,rh,7.0,32,5.18
perm_vsm4_IPS5_rh_partial_tstat1.nii,IPS5,partial,rh,8.0,67,4.90
perm_vsm4_IPS5_rh_partial_tstat1.nii,IPS5,partial,rh,9.0,17,3.86
perm_vsm4_IPS5_rh_partial_tstat1.nii,IPS5,partial,rh,10.0,38,3.70
perm_vsm4_LO1_lh_pearson_tstat1.nii,LO1,pearson,lh,0.0,901616,0.08
perm_vsm4_LO1_lh_pearson_tstat1.nii,LO1,pearson,lh,1.0,75,8.39
perm_vsm4_LO1_lh_pearson_tstat1.nii,LO1,pearson,lh,2.0,159,8.29
perm_vsm4_LO1_lh_pearson_tstat1.nii,LO1,pearson,lh,3.0,183,9.46
perm_vsm4_LO1_lh_pearson_tstat1.nii,LO1,pearson,lh,4.0,159,7.24
perm_vsm4_LO1_lh_pearson_tstat1.nii,LO1,pearson,lh,5.0,159,10.97
perm_vsm4_LO1_lh_pearson_tstat1.nii,LO1,pearson,lh,6.0,124,10.91
perm_vsm4_LO1_lh_pearson_tstat1.nii,LO1,pearson,lh,7.0,32,9.36
perm_vsm4_LO1_lh_pearson_tstat1.nii,LO1,pearson,lh,8.0,67,8.28
perm_vsm4_LO1_lh_pearson_tstat1.nii,LO1,pearson,lh,9.0,17,7.57
perm_vsm4_LO1_lh_pearson_tstat1.nii,LO1,pearson,lh,10.0,38,7.13
perm_vsm4_LO1_rh_pearson_tstat1.nii,LO1,pearson,rh,0.0,901616,0.09
perm_vsm4_LO1_rh_pearson_tstat1.nii,LO1,pearson,rh,1.0,75,9.60
perm_vsm4_LO1_rh_pearson_tstat1.nii,LO1,pearson,rh,2.0,159,10.04
perm_vsm4_LO1_rh_pearson_tstat1.nii,LO1,pearson,rh,3.0,183,10.41
perm_vsm4_LO1_rh_pearson_tstat1.nii,LO1,pearson,rh,4.0,159,8.55
perm_vsm4_LO1_rh_pearson_tstat1.nii,LO1,pearson,rh,5.0,159,12.65
perm_vsm4_LO1_rh_pearson_tstat1.nii,LO1,pearson,rh,6.0,124,12.87
perm_vsm4_LO1_rh_pearson_tstat1.nii,LO1,pearson,rh,7.0,32,10.88
perm_vsm4_LO1_rh_pearson_tstat1.nii,LO1,pearson,rh,8.0,67,9.32
perm_vsm4_LO1_rh_pearson_tstat1.nii,LO1,pearson,rh,9.0,17,8.66
perm_vsm4_LO1_rh_pearson_tstat1.nii,LO1,pearson,rh,10.0,38,8.61
perm_vsm4_LO1_bilat_pearson_tstat1.nii,LO1,pearson,bilat,0.0,901616,0.09
perm_vsm4_LO1_bilat_pearson_tstat1.nii,LO1,pearson,bilat,1.0,75,9.84
perm_vsm4_LO1_bilat_pearson_tstat1.nii,LO1,pearson,bilat,2.0,159,9.99
perm_vsm4_LO1_bilat_pearson_tstat1.nii,LO1,pearson,bilat,3.0,183,10.95
perm_vsm4_LO1_bilat_pearson_tstat1.nii,LO1,pearson,bilat,4.0,159,8.62
perm_vsm4_LO1_bilat_pearson_tstat1.nii,LO1,pearson,bilat,5.0,159,12.82
perm_vsm4_LO1_bilat_pearson_tstat1.nii,LO1,pearson,bilat,6.0,124,12.87
perm_vsm4_LO1_bilat_pearson_tstat1.nii,LO1,pearson,bilat,7.0,32,10.86
perm_vsm4_LO1_bilat_pearson_tstat1.nii,LO1,pearson,bilat,8.0,67,9.47
perm_vsm4_LO1_bilat_pearson_tstat1.nii,LO1,pearson,bilat,9.0,17,8.80
perm_vsm4_LO1_bilat_pearson_tstat1.nii,LO1,pearson,bilat,10.0,38,8.54
perm_vsm4_LO1_lh_partial_tstat1.nii,LO1,partial,lh,0.0,901616,0.04
perm_vsm4_LO1_lh_partial_tstat1.nii,LO1,partial,lh,1.0,75,3.58
perm_vsm4_LO1_lh_partial_tstat1.nii,LO1,partial,lh,2.0,159,3.07
perm_vsm4_LO1_lh_partial_tstat1.nii,LO1,partial,lh,3.0,183,4.43
perm_vsm4_LO1_lh_partial_tstat1.nii,LO1,partial,lh,4.0,159,3.10
perm_vsm4_LO1_lh_partial_tstat1.nii,LO1,partial,lh,5.0,159,4.61
perm_vsm4_LO1_lh_partial_tstat1.nii,LO1,partial,lh,6.0,124,4.55
perm_vsm4_LO1_lh_partial_tstat1.nii,LO1,partial,lh,7.0,32,4.21
perm_vsm4_LO1_lh_partial_tstat1.nii,LO1,partial,lh,8.0,67,3.92
perm_vsm4_LO1_lh_partial_tstat1.nii,LO1,partial,lh,9.0,17,3.34
perm_vsm4_LO1_lh_partial_tstat1.nii,LO1,partial,lh,10.0,38,2.94
perm_vsm4_LO1_rh_partial_tstat1.nii,LO1,partial,rh,0.0,901616,0.05
perm_vsm4_LO1_rh_partial_tstat1.nii,LO1,partial,rh,1.0,75,4.95
perm_vsm4_LO1_rh_partial_tstat1.nii,LO1,partial,rh,2.0,159,5.40
perm_vsm4_LO1_rh_partial_tstat1.nii,LO1,partial,rh,3.0,183,4.78
perm_vsm4_LO1_rh_partial_tstat1.nii,LO1,partial,rh,4.0,159,4.55
perm_vsm4_LO1_rh_partial_tstat1.nii,LO1,partial,rh,5.0,159,7.24
perm_vsm4_LO1_rh_partial_tstat1.nii,LO1,partial,rh,6.0,124,7.46
perm_vsm4_LO1_rh_partial_tstat1.nii,LO1,partial,rh,7.0,32,6.54
perm_vsm4_LO1_rh_partial_tstat1.nii,LO1,partial,rh,8.0,67,5.49
perm_vsm4_LO1_rh_partial_tstat1.nii,LO1,partial,rh,9.0,17,5.14
perm_vsm4_LO1_rh_partial_tstat1.nii,LO1,partial,rh,10.0,38,5.17
perm_vsm4_LO2_lh_pearson_tstat1.nii,LO2,pearson,lh,0.0,901616,0.07
perm_vsm4_LO2_lh_pearson_tstat1.nii,LO2,pearson,lh,1.0,75,8.80
perm_vsm4_LO2_lh_pearson_tstat1.nii,LO2,pearson,lh,2.0,159,9.78
perm_vsm4_LO2_lh_pearson_tstat1.nii,LO2,pearson,lh,3.0,183,10.62
perm_vsm4_LO2_lh_pearson_tstat1.nii,LO2,pearson,lh,4.0,159,7.38
perm_vsm4_LO2_lh_pearson_tstat1.nii,LO2,pearson,lh,5.0,159,11.67
perm_vsm4_LO2_lh_pearson_tstat1.nii,LO2,pearson,lh,6.0,124,12.01
perm_vsm4_LO2_lh_pearson_tstat1.nii,LO2,pearson,lh,7.0,32,9.79
perm_vsm4_LO2_lh_pearson_tstat1.nii,LO2,pearson,lh,8.0,67,8.65
perm_vsm4_LO2_lh_pearson_tstat1.nii,LO2,pearson,lh,9.0,17,7.73
perm_vsm4_LO2_lh_pearson_tstat1.nii,LO2,pearson,lh,10.0,38,8.09
perm_vsm4_LO2_rh_pearson_tstat1.nii,LO2,pearson,rh,0.0,901616,0.06
perm_vsm4_LO2_rh_pearson_tstat1.nii,LO2,pearson,rh,1.0,75,8.57
perm_vsm4_LO2_rh_pearson_tstat1.nii,LO2,pearson,rh,2.0,159,10.76
perm_vsm4_LO2_rh_pearson_tstat1.nii,LO2,pearson,rh,3.0,183,10.40
perm_vsm4_LO2_rh_pearson_tstat1.nii,LO2,pearson,rh,4.0,159,7.68
perm_vsm4_LO2_rh_pearson_tstat1.nii,LO2,pearson,rh,5.0,159,12.11
perm_vsm4_LO2_rh_pearson_tstat1.nii,LO2,pearson,rh,6.0,124,12.14
perm_vsm4_LO2_rh_pearson_tstat1.nii,LO2,pearson,rh,7.0,32,10.07
perm_vsm4_LO2_rh_pearson_tstat1.nii,LO2,pearson,rh,8.0,67,8.21
perm_vsm4_LO2_rh_pearson_tstat1.nii,LO2,pearson,rh,9.0,17,7.74
perm_vsm4_LO2_rh_pearson_tstat1.nii,LO2,pearson,rh,10.0,38,8.09
perm_vsm4_LO2_bilat_pearson_tstat1.nii,LO2,pearson,bilat,0.0,901616,0.07
perm_vsm4_LO2_bilat_pearson_tstat1.nii,LO2,pearson,bilat,1.0,75,9.73
perm_vsm4_LO2_bilat_pearson_tstat1.nii,LO2,pearson,bilat,2.0,159,11.32
perm_vsm4_LO2_bilat_pearson_tstat1.nii,LO2,pearson,bilat,3.0,183,11.80
perm_vsm4_LO2_bilat_pearson_tstat1.nii,LO2,pearson,bilat,4.0,159,8.38
perm_vsm4_LO2_bilat_pearson_tstat1.nii,LO2,pearson,bilat,5.0,159,13.03
perm_vsm4_LO2_bilat_pearson_tstat1.nii,LO2,pearson,bilat,6.0,124,13.34
perm_vsm4_LO2_bilat_pearson_tstat1.nii,LO2,pearson,bilat,7.0,32,10.80
perm_vsm4_LO2_bilat_pearson_tstat1.nii,LO2,pearson,bilat,8.0,67,9.25
perm_vsm4_LO2_bilat_pearson_tstat1.nii,LO2,pearson,bilat,9.0,17,8.46
perm_vsm4_LO2_bilat_pearson_tstat1.nii,LO2,pearson,bilat,10.0,38,8.92
perm_vsm4_LO2_lh_partial_tstat1.nii,LO2,partial,lh,0.0,901616,0.04
perm_vsm4_LO2_lh_partial_tstat1.nii,LO2,partial,lh,1.0,75,5.04
perm_vsm4_LO2_lh_partial_tstat1.nii,LO2,partial,lh,2.0,159,4.75
perm_vsm4_LO2_lh_partial_tstat1.nii,LO2,partial,lh,3.0,183,5.70
perm_vsm4_LO2_lh_partial_tstat1.nii,LO2,partial,lh,4.0,159,4.07
perm_vsm4_LO2_lh_partial_tstat1.nii,LO2,partial,lh,5.0,159,6.45
perm_vsm4_LO2_lh_partial_tstat1.nii,LO2,partial,lh,6.0,124,6.83
perm_vsm4_LO2_lh_partial_tstat1.nii,LO2,partial,lh,7.0,32,5.89
perm_vsm4_LO2_lh_partial_tstat1.nii,LO2,partial,lh,8.0,67,5.66
perm_vsm4_LO2_lh_partial_tstat1.nii,LO2,partial,lh,9.0,17,4.63
perm_vsm4_LO2_lh_partial_tstat1.nii,LO2,partial,lh,10.0,38,4.74
perm_vsm4_LO2_rh_partial_tstat1.nii,LO2,partial,rh,0.0,901616,0.03
perm_vsm4_LO2_rh_partial_tstat1.nii,LO2,partial,rh,1.0,75,3.85
perm_vsm4_LO2_rh_partial_tstat1.nii,LO2,partial,rh,2.0,159,5.36
perm_vsm4_LO2_rh_partial_tstat1.nii,LO2,partial,rh,3.0,183,4.71
perm_vsm4_LO2_rh_partial_tstat1.nii,LO2,partial,rh,4.0,159,3.43
perm_vsm4_LO2_rh_partial_tstat1.nii,LO2,partial,rh,5.0,159,6.26
perm_vsm4_LO2_rh_partial_tstat1.nii,LO2,partial,rh,6.0,124,6.17
perm_vsm4_LO2_rh_partial_tstat1.nii,LO2,partial,rh,7.0,32,5.37
perm_vsm4_LO2_rh_partial_tstat1.nii,LO2,partial,rh,8.0,67,4.17
perm_vsm4_LO2_rh_partial_tstat1.nii,LO2,partial,rh,9.0,17,4.03
perm_vsm4_LO2_rh_partial_tstat1.nii,LO2,partial,rh,10.0,38,4.31
perm_vsm4_PHC1_lh_pearson_tstat1.nii,PHC1,pearson,lh,0.0,901616,0.05
perm_vsm4_PHC1_lh_pearson_tstat1.nii,PHC1,pearson,lh,1.0,75,6.78
perm_vsm4_PHC1_lh_pearson_tstat1.nii,PHC1,pearson,lh,2.0,159,8.64
perm_vsm4_PHC1_lh_pearson_tstat1.nii,PHC1,pearson,lh,3.0,183,9.30
perm_vsm4_PHC1_lh_pearson_tstat1.nii,PHC1,pearson,lh,4.0,159,5.98
perm_vsm4_PHC1_lh_pearson_tstat1.nii,PHC1,pearson,lh,5.0,159,8.63
perm_vsm4_PHC1_lh_pearson_tstat1.nii,PHC1,pearson,lh,6.0,124,8.27
perm_vsm4_PHC1_lh_pearson_tstat1.nii,PHC1,pearson,lh,7.0,32,6.64
perm_vsm4_PHC1_lh_pearson_tstat1.nii,PHC1,pearson,lh,8.0,67,5.88
perm_vsm4_PHC1_lh_pearson_tstat1.nii,PHC1,pearson,lh,9.0,17,5.96
perm_vsm4_PHC1_lh_pearson_tstat1.nii,PHC1,pearson,lh,10.0,38,6.20
perm_vsm4_PHC1_rh_pearson_tstat1.nii,PHC1,pearson,rh,0.0,901616,0.04
perm_vsm4_PHC1_rh_pearson_tstat1.nii,PHC1,pearson,rh,1.0,75,5.48
perm_vsm4_PHC1_rh_pearson_tstat1.nii,PHC1,pearson,rh,2.0,159,6.49
perm_vsm4_PHC1_rh_pearson_tstat1.nii,PHC1,pearson,rh,3.0,183,7.61
perm_vsm4_PHC1_rh_pearson_tstat1.nii,PHC1,pearson,rh,4.0,159,4.45
perm_vsm4_PHC1_rh_pearson_tstat1.nii,PHC1,pearson,rh,5.0,159,6.79
perm_vsm4_PHC1_rh_pearson_tstat1.nii,PHC1,pearson,rh,6.0,124,7.52
perm_vsm4_PHC1_rh_pearson_tstat1.nii,PHC1,pearson,rh,7.0,32,5.52
perm_vsm4_PHC1_rh_pearson_tstat1.nii,PHC1,pearson,rh,8.0,67,4.74
perm_vsm4_PHC1_rh_pearson_tstat1.nii,PHC1,pearson,rh,9.0,17,4.57
perm_vsm4_PHC1_rh_pearson_tstat1.nii,PHC1,pearson,rh,10.0,38,5.45
perm_vsm4_PHC1_bilat_pearson_tstat1.nii,PHC1,pearson,bilat,0.0,901616,0.05
perm_vsm4_PHC1_bilat_pearson_tstat1.nii,PHC1,pearson,bilat,1.0,75,6.91
perm_vsm4_PHC1_bilat_pearson_tstat1.nii,PHC1,pearson,bilat,2.0,159,8.46
perm_vsm4_PHC1_bilat_pearson_tstat1.nii,PHC1,pearson,bilat,3.0,183,9.57
perm_vsm4_PHC1_bilat_pearson_tstat1.nii,PHC1,pearson,bilat,4.0,159,5.83
perm_vsm4_PHC1_bilat_pearson_tstat1.nii,PHC1,pearson,bilat,5.0,159,8.60
perm_vsm4_PHC1_bilat_pearson_tstat1.nii,PHC1,pearson,bilat,6.0,124,8.98
perm_vsm4_PHC1_bilat_pearson_tstat1.nii,PHC1,pearson,bilat,7.0,32,6.86
perm_vsm4_PHC1_bilat_pearson_tstat1.nii,PHC1,pearson,bilat,8.0,67,5.98
perm_vsm4_PHC1_bilat_pearson_tstat1.nii,PHC1,pearson,bilat,9.0,17,5.97
perm_vsm4_PHC1_bilat_pearson_tstat1.nii,PHC1,pearson,bilat,10.0,38,6.69
perm_vsm4_PHC1_lh_partial_tstat1.nii,PHC1,partial,lh,0.0,901616,0.04
perm_vsm4_PHC1_lh_partial_tstat1.nii,PHC1,partial,lh,1.0,75,6.27
perm_vsm4_PHC1_lh_partial_tstat1.nii,PHC1,partial,lh,2.0,159,7.95
perm_vsm4_PHC1_lh_partial_tstat1.nii,PHC1,partial,lh,3.0,183,8.38
perm_vsm4_PHC1_lh_partial_tstat1.nii,PHC1,partial,lh,4.0,159,5.60
perm_vsm4_PHC1_lh_partial_tstat1.nii,PHC1,partial,lh,5.0,159,7.92
perm_vsm4_PHC1_lh_partial_tstat1.nii,PHC1,partial,lh,6.0,124,7.20
perm_vsm4_PHC1_lh_partial_tstat1.nii,PHC1,partial,lh,7.0,32,6.28
perm_vsm4_PHC1_lh_partial_tstat1.nii,PHC1,partial,lh,8.0,67,5.72
perm_vsm4_PHC1_lh_partial_tstat1.nii,PHC1,partial,lh,9.0,17,5.61
perm_vsm4_PHC1_lh_partial_tstat1.nii,PHC1,partial,lh,10.0,38,5.52
perm_vsm4_PHC1_rh_partial_tstat1.nii,PHC1,partial,rh,0.0,901616,0.03
perm_vsm4_PHC1_rh_partial_tstat1.nii,PHC1,partial,rh,1.0,75,4.29
perm_vsm4_PHC1_rh_partial_tstat1.nii,PHC1,partial,rh,2.0,159,4.87
perm_vsm4_PHC1_rh_partial_tstat1.nii,PHC1,partial,rh,3.0,183,5.82
perm_vsm4_PHC1_rh_partial_tstat1.nii,PHC1,partial,rh,4.0,159,3.34
perm_vsm4_PHC1_rh_partial_tstat1.nii,PHC1,partial,rh,5.0,159,5.27
perm_vsm4_PHC1_rh_partial_tstat1.nii,PHC1,partial,rh,6.0,124,6.33
perm_vsm4_PHC1_rh_partial_tstat1.nii,PHC1,partial,rh,7.0,32,4.51
perm_vsm4_PHC1_rh_partial_tstat1.nii,PHC1,partial,rh,8.0,67,3.83
perm_vsm4_PHC1_rh_partial_tstat1.nii,PHC1,partial,rh,9.0,17,3.69
perm_vsm4_PHC1_rh_partial_tstat1.nii,PHC1,partial,rh,10.0,38,4.50
perm_vsm4_PHC2_lh_pearson_tstat1.nii,PHC2,pearson,lh,0.0,901616,0.05
perm_vsm4_PHC2_lh_pearson_tstat1.nii,PHC2,pearson,lh,1.0,75,7.06
perm_vsm4_PHC2_lh_pearson_tstat1.nii,PHC2,pearson,lh,2.0,159,9.45
perm_vsm4_PHC2_lh_pearson_tstat1.nii,PHC2,pearson,lh,3.0,183,8.80
perm_vsm4_PHC2_lh_pearson_tstat1.nii,PHC2,pearson,lh,4.0,159,6.33
perm_vsm4_PHC2_lh_pearson_tstat1.nii,PHC2,pearson,lh,5.0,159,6.80
perm_vsm4_PHC2_lh_pearson_tstat1.nii,PHC2,pearson,lh,6.0,124,6.64
perm_vsm4_PHC2_lh_pearson_tstat1.nii,PHC2,pearson,lh,7.0,32,5.74
perm_vsm4_PHC2_lh_pearson_tstat1.nii,PHC2,pearson,lh,8.0,67,4.40
perm_vsm4_PHC2_lh_pearson_tstat1.nii,PHC2,pearson,lh,9.0,17,4.93
perm_vsm4_PHC2_lh_pearson_tstat1.nii,PHC2,pearson,lh,10.0,38,4.80
perm_vsm4_PHC2_rh_pearson_tstat1.nii,PHC2,pearson,rh,0.0,901616,0.04
perm_vsm4_PHC2_rh_pearson_tstat1.nii,PHC2,pearson,rh,1.0,75,5.86
perm_vsm4_PHC2_rh_pearson_tstat1.nii,PHC2,pearson,rh,2.0,159,7.40
perm_vsm4_PHC2_rh_pearson_tstat1.nii,PHC2,pearson,rh,3.0,183,7.58
perm_vsm4_PHC2_rh_pearson_tstat1.nii,PHC2,pearson,rh,4.0,159,5.08
perm_vsm4_PHC2_rh_pearson_tstat1.nii,PHC2,pearson,rh,5.0,159,6.39
perm_vsm4_PHC2_rh_pearson_tstat1.nii,PHC2,pearson,rh,6.0,124,6.85
perm_vsm4_PHC2_rh_pearson_tstat1.nii,PHC2,pearson,rh,7.0,32,5.20
perm_vsm4_PHC2_rh_pearson_tstat1.nii,PHC2,pearson,rh,8.0,67,4.35
perm_vsm4_PHC2_rh_pearson_tstat1.nii,PHC2,pearson,rh,9.0,17,4.13
perm_vsm4_PHC2_rh_pearson_tstat1.nii,PHC2,pearson,rh,10.0,38,4.89
perm_vsm4_PHC2_bilat_pearson_tstat1.nii,PHC2,pearson,bilat,0.0,901616,0.05
perm_vsm4_PHC2_bilat_pearson_tstat1.nii,PHC2,pearson,bilat,1.0,75,7.14
perm_vsm4_PHC2_bilat_pearson_tstat1.nii,PHC2,pearson,bilat,2.0,159,9.30
perm_vsm4_PHC2_bilat_pearson_tstat1.nii,PHC2,pearson,bilat,3.0,183,8.98
perm_vsm4_PHC2_bilat_pearson_tstat1.nii,PHC2,pearson,bilat,4.0,159,6.29
perm_vsm4_PHC2_bilat_pearson_tstat1.nii,PHC2,pearson,bilat,5.0,159,7.26
perm_vsm4_PHC2_bilat_pearson_tstat1.nii,PHC2,pearson,bilat,6.0,124,7.52
perm_vsm4_PHC2_bilat_pearson_tstat1.nii,PHC2,pearson,bilat,7.0,32,6.08
perm_vsm4_PHC2_bilat_pearson_tstat1.nii,PHC2,pearson,bilat,8.0,67,4.86
perm_vsm4_PHC2_bilat_pearson_tstat1.nii,PHC2,pearson,bilat,9.0,17,5.01
perm_vsm4_PHC2_bilat_pearson_tstat1.nii,PHC2,pearson,bilat,10.0,38,5.45
perm_vsm4_PHC2_lh_partial_tstat1.nii,PHC2,partial,lh,0.0,901616,0.05
perm_vsm4_PHC2_lh_partial_tstat1.nii,PHC2,partial,lh,1.0,75,6.66
perm_vsm4_PHC2_lh_partial_tstat1.nii,PHC2,partial,lh,2.0,159,8.99
perm_vsm4_PHC2_lh_partial_tstat1.nii,PHC2,partial,lh,3.0,183,7.86
perm_vsm4_PHC2_lh_partial_tstat1.nii,PHC2,partial,lh,4.0,159,6.01
perm_vsm4_PHC2_lh_partial_tstat1.nii,PHC2,partial,lh,5.0,159,5.84
perm_vsm4_PHC2_lh_partial_tstat1.nii,PHC2,partial,lh,6.0,124,5.47
perm_vsm4_PHC2_lh_partial_tstat1.nii,PHC2,partial,lh,7.0,32,5.31
perm_vsm4_PHC2_lh_partial_tstat1.nii,PHC2,partial,lh,8.0,67,3.90
perm_vsm4_PHC2_lh_partial_tstat1.nii,PHC2,partial,lh,9.0,17,4.56
perm_vsm4_PHC2_lh_partial_tstat1.nii,PHC2,partial,lh,10.0,38,3.90
perm_vsm4_PHC2_rh_partial_tstat1.nii,PHC2,partial,rh,0.0,901616,0.04
perm_vsm4_PHC2_rh_partial_tstat1.nii,PHC2,partial,rh,1.0,75,5.24
perm_vsm4_PHC2_rh_partial_tstat1.nii,PHC2,partial,rh,2.0,159,6.50
perm_vsm4_PHC2_rh_partial_tstat1.nii,PHC2,partial,rh,3.0,183,6.79
perm_vsm4_PHC2_rh_partial_tstat1.nii,PHC2,partial,rh,4.0,159,4.54
perm_vsm4_PHC2_rh_partial_tstat1.nii,PHC2,partial,rh,5.0,159,5.92
perm_vsm4_PHC2_rh_partial_tstat1.nii,PHC2,partial,rh,6.0,124,6.46
perm_vsm4_PHC2_rh_partial_tstat1.nii,PHC2,partial,rh,7.0,32,4.76
perm_vsm4_PHC2_rh_partial_tstat1.nii,PHC2,partial,rh,8.0,67,4.07
perm_vsm4_PHC2_rh_partial_tstat1.nii,PHC2,partial,rh,9.0,17,3.79
perm_vsm4_PHC2_rh_partial_tstat1.nii,PHC2,partial,rh,10.0,38,4.58
perm_vsm4_SPL1_lh_pearson_tstat1.nii,SPL1,pearson,lh,0.0,901616,0.07
perm_vsm4_SPL1_lh_pearson_tstat1.nii,SPL1,pearson,lh,1.0,75,9.98
perm_vsm4_SPL1_lh_pearson_tstat1.nii,SPL1,pearson,lh,2.0,159,12.22
perm_vsm4_SPL1_lh_pearson_tstat1.nii,SPL1,pearson,lh,3.0,183,10.17
perm_vsm4_SPL1_lh_pearson_tstat1.nii,SPL1,pearson,lh,4.0,159,8.28
perm_vsm4_SPL1_lh_pearson_tstat1.nii,SPL1,pearson,lh,5.0,159,7.95
perm_vsm4_SPL1_lh_pearson_tstat1.nii,SPL1,pearson,lh,6.0,124,7.92
perm_vsm4_SPL1_lh_pearson_tstat1.nii,SPL1,pearson,lh,7.0,32,8.24
perm_vsm4_SPL1_lh_pearson_tstat1.nii,SPL1,pearson,lh,8.0,67,6.09
perm_vsm4_SPL1_lh_pearson_tstat1.nii,SPL1,pearson,lh,9.0,17,6.42
perm_vsm4_SPL1_lh_pearson_tstat1.nii,SPL1,pearson,lh,10.0,38,5.22
perm_vsm4_SPL1_rh_pearson_tstat1.nii,SPL1,pearson,rh,0.0,901616,0.07
perm_vsm4_SPL1_rh_pearson_tstat1.nii,SPL1,pearson,rh,1.0,75,10.84
perm_vsm4_SPL1_rh_pearson_tstat1.nii,SPL1,pearson,rh,2.0,159,12.73
perm_vsm4_SPL1_rh_pearson_tstat1.nii,SPL1,pearson,rh,3.0,183,12.52
perm_vsm4_SPL1_rh_pearson_tstat1.nii,SPL1,pearson,rh,4.0,159,8.95
perm_vsm4_SPL1_rh_pearson_tstat1.nii,SPL1,pearson,rh,5.0,159,9.61
perm_vsm4_SPL1_rh_pearson_tstat1.nii,SPL1,pearson,rh,6.0,124,9.91
perm_vsm4_SPL1_rh_pearson_tstat1.nii,SPL1,pearson,rh,7.0,32,9.39
perm_vsm4_SPL1_rh_pearson_tstat1.nii,SPL1,pearson,rh,8.0,67,7.72
perm_vsm4_SPL1_rh_pearson_tstat1.nii,SPL1,pearson,rh,9.0,17,6.97
perm_vsm4_SPL1_rh_pearson_tstat1.nii,SPL1,pearson,rh,10.0,38,6.34
perm_vsm4_SPL1_bilat_pearson_tstat1.nii,SPL1,pearson,bilat,0.0,901616,0.08
perm_vsm4_SPL1_bilat_pearson_tstat1.nii,SPL1,pearson,bilat,1.0,75,11.64
perm_vsm4_SPL1_bilat_pearson_tstat1.nii,SPL1,pearson,bilat,2.0,159,14.13
perm_vsm4_SPL1_bilat_pearson_tstat1.nii,SPL1,pearson,bilat,3.0,183,12.84
perm_vsm4_SPL1_bilat_pearson_tstat1.nii,SPL1,pearson,bilat,4.0,159,9.82
perm_vsm4_SPL1_bilat_pearson_tstat1.nii,SPL1,pearson,bilat,5.0,159,9.88
perm_vsm4_SPL1_bilat_pearson_tstat1.nii,SPL1,pearson,bilat,6.0,124,10.00
perm_vsm4_SPL1_bilat_pearson_tstat1.nii,SPL1,pearson,bilat,7.0,32,9.91
perm_vsm4_SPL1_bilat_pearson_tstat1.nii,SPL1,pearson,bilat,8.0,67,7.68
perm_vsm4_SPL1_bilat_pearson_tstat1.nii,SPL1,pearson,bilat,9.0,17,7.63
perm_vsm4_SPL1_bilat_pearson_tstat1.nii,SPL1,pearson,bilat,10.0,38,6.58
perm_vsm4_SPL1_lh_partial_tstat1.nii,SPL1,partial,lh,0.0,901616,0.06
perm_vsm4_SPL1_lh_partial_tstat1.nii,SPL1,partial,lh,1.0,75,7.79
perm_vsm4_SPL1_lh_partial_tstat1.nii,SPL1,partial,lh,2.0,159,9.35
perm_vsm4_SPL1_lh_partial_tstat1.nii,SPL1,partial,lh,3.0,183,6.74
perm_vsm4_SPL1_lh_partial_tstat1.nii,SPL1,partial,lh,4.0,159,6.11
perm_vsm4_SPL1_lh_partial_tstat1.nii,SPL1,partial,lh,5.0,159,5.15
perm_vsm4_SPL1_lh_partial_tstat1.nii,SPL1,partial,lh,6.0,124,5.29
perm_vsm4_SPL1_lh_partial_tstat1.nii,SPL1,partial,lh,7.0,32,5.61
perm_vsm4_SPL1_lh_partial_tstat1.nii,SPL1,partial,lh,8.0,67,3.88
perm_vsm4_SPL1_lh_partial_tstat1.nii,SPL1,partial,lh,9.0,17,4.60
perm_vsm4_SPL1_lh_partial_tstat1.nii,SPL1,partial,lh,10.0,38,3.51
perm_vsm4_SPL1_rh_partial_tstat1.nii,SPL1,partial,rh,0.0,901616,0.06
perm_vsm4_SPL1_rh_partial_tstat1.nii,SPL1,partial,rh,1.0,75,8.82
perm_vsm4_SPL1_rh_partial_tstat1.nii,SPL1,partial,rh,2.0,159,10.21
perm_vsm4_SPL1_rh_partial_tstat1.nii,SPL1,partial,rh,3.0,183,10.89
perm_vsm4_SPL1_rh_partial_tstat1.nii,SPL1,partial,rh,4.0,159,7.57
perm_vsm4_SPL1_rh_partial_tstat1.nii,SPL1,partial,rh,5.0,159,8.68
perm_vsm4_SPL1_rh_partial_tstat1.nii,SPL1,partial,rh,6.0,124,9.12
perm_vsm4_SPL1_rh_partial_tstat1.nii,SPL1,partial,rh,7.0,32,8.05
perm_vsm4_SPL1_rh_partial_tstat1.nii,SPL1,partial,rh,8.0,67,6.79
perm_vsm4_SPL1_rh_partial_tstat1.nii,SPL1,partial,rh,9.0,17,5.88
perm_vsm4_SPL1_rh_partial_tstat1.nii,SPL1,partial,rh,10.0,38,5.66
perm_vsm4_TO1_lh_pearson_tstat1.nii,TO1,pearson,lh,0.0,901616,0.05
perm_vsm4_TO1_lh_pearson_tstat1.nii,TO1,pearson,lh,1.0,75,6.80
perm_vsm4_TO1_lh_pearson_tstat1.nii,TO1,pearson,lh,2.0,159,8.87
perm_vsm4_TO1_lh_pearson_tstat1.nii,TO1,pearson,lh,3.0,183,8.96
perm_vsm4_TO1_lh_pearson_tstat1.nii,TO1,pearson,lh,4.0,159,5.23
perm_vsm4_TO1_lh_pearson_tstat1.nii,TO1,pearson,lh,5.0,159,10.02
perm_vsm4_TO1_lh_pearson_tstat1.nii,TO1,pearson,lh,6.0,124,10.22
perm_vsm4_TO1_lh_pearson_tstat1.nii,TO1,pearson,lh,7.0,32,7.28
perm_vsm4_TO1_lh_pearson_tstat1.nii,TO1,pearson,lh,8.0,67,6.58
perm_vsm4_TO1_lh_pearson_tstat1.nii,TO1,pearson,lh,9.0,17,5.12
perm_vsm4_TO1_lh_pearson_tstat1.nii,TO1,pearson,lh,10.0,38,6.26
perm_vsm4_TO1_rh_pearson_tstat1.nii,TO1,pearson,rh,0.0,901616,0.04
perm_vsm4_TO1_rh_pearson_tstat1.nii,TO1,pearson,rh,1.0,75,5.55
perm_vsm4_TO1_rh_pearson_tstat1.nii,TO1,pearson,rh,2.0,159,7.58
perm_vsm4_TO1_rh_pearson_tstat1.nii,TO1,pearson,rh,3.0,183,8.06
perm_vsm4_TO1_rh_pearson_tstat1.nii,TO1,pearson,rh,4.0,159,4.93
perm_vsm4_TO1_rh_pearson_tstat1.nii,TO1,pearson,rh,5.0,159,9.02
perm_vsm4_TO1_rh_pearson_tstat1.nii,TO1,pearson,rh,6.0,124,8.96
perm_vsm4_TO1_rh_pearson_tstat1.nii,TO1,pearson,rh,7.0,32,5.64
perm_vsm4_TO1_rh_pearson_tstat1.nii,TO1,pearson,rh,8.0,67,4.81
perm_vsm4_TO1_rh_pearson_tstat1.nii,TO1,pearson,rh,9.0,17,4.69
perm_vsm4_TO1_rh_pearson_tstat1.nii,TO1,pearson,rh,10.0,38,5.56
perm_vsm4_TO1_bilat_pearson_tstat1.nii,TO1,pearson,bilat,0.0,901616,0.05
perm_vsm4_TO1_bilat_pearson_tstat1.nii,TO1,pearson,bilat,1.0,75,7.44
perm_vsm4_TO1_bilat_pearson_tstat1.nii,TO1,pearson,bilat,2.0,159,9.93
perm_vsm4_TO1_bilat_pearson_tstat1.nii,TO1,pearson,bilat,3.0,183,10.25
perm_vsm4_TO1_bilat_pearson_tstat1.nii,TO1,pearson,bilat,4.0,159,6.29
perm_vsm4_TO1_bilat_pearson_tstat1.nii,TO1,pearson,bilat,5.0,159,11.45
perm_vsm4_TO1_bilat_pearson_tstat1.nii,TO1,pearson,bilat,6.0,124,11.48
perm_vsm4_TO1_bilat_pearson_tstat1.nii,TO1,pearson,bilat,7.0,32,7.57
perm_vsm4_TO1_bilat_pearson_tstat1.nii,TO1,pearson,bilat,8.0,67,6.67
perm_vsm4_TO1_bilat_pearson_tstat1.nii,TO1,pearson,bilat,9.0,17,5.88
perm_vsm4_TO1_bilat_pearson_tstat1.nii,TO1,pearson,bilat,10.0,38,7.03
perm_vsm4_TO1_lh_partial_tstat1.nii,TO1,partial,lh,0.0,901616,0.03
perm_vsm4_TO1_lh_partial_tstat1.nii,TO1,partial,lh,1.0,75,4.80
perm_vsm4_TO1_lh_partial_tstat1.nii,TO1,partial,lh,2.0,159,6.02
perm_vsm4_TO1_lh_partial_tstat1.nii,TO1,partial,lh,3.0,183,5.89
perm_vsm4_TO1_lh_partial_tstat1.nii,TO1,partial,lh,4.0,159,3.51
perm_vsm4_TO1_lh_partial_tstat1.nii,TO1,partial,lh,5.0,159,6.83
perm_vsm4_TO1_lh_partial_tstat1.nii,TO1,partial,lh,6.0,124,7.62
perm_vsm4_TO1_lh_partial_tstat1.nii,TO1,partial,lh,7.0,32,6.19
perm_vsm4_TO1_lh_partial_tstat1.nii,TO1,partial,lh,8.0,67,5.78
perm_vsm4_TO1_lh_partial_tstat1.nii,TO1,partial,lh,9.0,17,4.21
perm_vsm4_TO1_lh_partial_tstat1.nii,TO1,partial,lh,10.0,38,5.01
perm_vsm4_TO1_rh_partial_tstat1.nii,TO1,partial,rh,0.0,901616,0.03
perm_vsm4_TO1_rh_partial_tstat1.nii,TO1,partial,rh,1.0,75,3.01
perm_vsm4_TO1_rh_partial_tstat1.nii,TO1,partial,rh,2.0,159,3.99
perm_vsm4_TO1_rh_partial_tstat1.nii,TO1,partial,rh,3.0,183,4.54
perm_vsm4_TO1_rh_partial_tstat1.nii,TO1,partial,rh,4.0,159,2.85
perm_vsm4_TO1_rh_partial_tstat1.nii,TO1,partial,rh,5.0,159,5.27
perm_vsm4_TO1_rh_partial_tstat1.nii,TO1,partial,rh,6.0,124,4.78
perm_vsm4_TO1_rh_partial_tstat1.nii,TO1,partial,rh,7.0,32,2.84
perm_vsm4_TO1_rh_partial_tstat1.nii,TO1,partial,rh,8.0,67,2.49
perm_vsm4_TO1_rh_partial_tstat1.nii,TO1,partial,rh,9.0,17,2.91
perm_vsm4_TO1_rh_partial_tstat1.nii,TO1,partial,rh,10.0,38,3.29
perm_vsm4_TO2_lh_pearson_tstat1.nii,TO2,pearson,lh,0.0,901616,0.03
perm_vsm4_TO2_lh_pearson_tstat1.nii,TO2,pearson,lh,1.0,75,5.01
perm_vsm4_TO2_lh_pearson_tstat1.nii,TO2,pearson,lh,2.0,159,6.54
perm_vsm4_TO2_lh_pearson_tstat1.nii,TO2,pearson,lh,3.0,183,6.09
perm_vsm4_TO2_lh_pearson_tstat1.nii,TO2,pearson,lh,4.0,159,3.65
perm_vsm4_TO2_lh_pearson_tstat1.nii,TO2,pearson,lh,5.0,159,7.04
perm_vsm4_TO2_lh_pearson_tstat1.nii,TO2,pearson,lh,6.0,124,7.55
perm_vsm4_TO2_lh_pearson_tstat1.nii,TO2,pearson,lh,7.0,32,5.17
perm_vsm4_TO2_lh_pearson_tstat1.nii,TO2,pearson,lh,8.0,67,5.04
perm_vsm4_TO2_lh_pearson_tstat1.nii,TO2,pearson,lh,9.0,17,3.24
perm_vsm4_TO2_lh_pearson_tstat1.nii,TO2,pearson,lh,10.0,38,4.74
perm_vsm4_TO2_rh_pearson_tstat1.nii,TO2,pearson,rh,0.0,901616,0.04
perm_vsm4_TO2_rh_pearson_tstat1.nii,TO2,pearson,rh,1.0,75,4.89
perm_vsm4_TO2_rh_pearson_tstat1.nii,TO2,pearson,rh,2.0,159,7.10
perm_vsm4_TO2_rh_pearson_tstat1.nii,TO2,pearson,rh,3.0,183,7.01
perm_vsm4_TO2_rh_pearson_tstat1.nii,TO2,pearson,rh,4.0,159,4.64
perm_vsm4_TO2_rh_pearson_tstat1.nii,TO2,pearson,rh,5.0,159,8.45
perm_vsm4_TO2_rh_pearson_tstat1.nii,TO2,pearson,rh,6.0,124,8.30
perm_vsm4_TO2_rh_pearson_tstat1.nii,TO2,pearson,rh,7.0,32,5.65
perm_vsm4_TO2_rh_pearson_tstat1.nii,TO2,pearson,rh,8.0,67,4.82
perm_vsm4_TO2_rh_pearson_tstat1.nii,TO2,pearson,rh,9.0,17,4.21
perm_vsm4_TO2_rh_pearson_tstat1.nii,TO2,pearson,rh,10.0,38,5.25
perm_vsm4_TO2_bilat_pearson_tstat1.nii,TO2,pearson,bilat,0.0,901616,0.05
perm_vsm4_TO2_bilat_pearson_tstat1.nii,TO2,pearson,bilat,1.0,75,6.55
perm_vsm4_TO2_bilat_pearson_tstat1.nii,TO2,pearson,bilat,2.0,159,8.89
perm_vsm4_TO2_bilat_pearson_tstat1.nii,TO2,pearson,bilat,3.0,183,8.70
perm_vsm4_TO2_bilat_pearson_tstat1.nii,TO2,pearson,bilat,4.0,159,5.54
perm_vsm4_TO2_bilat_pearson_tstat1.nii,TO2,pearson,bilat,5.0,159,10.11
perm_vsm4_TO2_bilat_pearson_tstat1.nii,TO2,pearson,bilat,6.0,124,10.41
perm_vsm4_TO2_bilat_pearson_tstat1.nii,TO2,pearson,bilat,7.0,32,6.92
perm_vsm4_TO2_bilat_pearson_tstat1.nii,TO2,pearson,bilat,8.0,67,6.35
perm_vsm4_TO2_bilat_pearson_tstat1.nii,TO2,pearson,bilat,9.0,17,4.82
perm_vsm4_TO2_bilat_pearson_tstat1.nii,TO2,pearson,bilat,10.0,38,6.49
perm_vsm4_TO2_lh_partial_tstat1.nii,TO2,partial,lh,0.0,901616,0.02
perm_vsm4_TO2_lh_partial_tstat1.nii,TO2,partial,lh,1.0,75,3.75
perm_vsm4_TO2_lh_partial_tstat1.nii,TO2,partial,lh,2.0,159,4.94
perm_vsm4_TO2_lh_partial_tstat1.nii,TO2,partial,lh,3.0,183,4.20
perm_vsm4_TO2_lh_partial_tstat1.nii,TO2,partial,lh,4.0,159,2.55
perm_vsm4_TO2_lh_partial_tstat1.nii,TO2,partial,lh,5.0,159,5.04
perm_vsm4_TO2_lh_partial_tstat1.nii,TO2,partial,lh,6.0,124,5.66
perm_vsm4_TO2_lh_partial_tstat1.nii,TO2,partial,lh,7.0,32,4.16
perm_vsm4_TO2_lh_partial_tstat1.nii,TO2,partial,lh,8.0,67,4.27
perm_vsm4_TO2_lh_partial_tstat1.nii,TO2,partial,lh,9.0,17,2.59
perm_vsm4_TO2_lh_partial_tstat1.nii,TO2,partial,lh,10.0,38,3.76
perm_vsm4_TO2_rh_partial_tstat1.nii,TO2,partial,rh,0.0,901616,0.04
perm_vsm4_TO2_rh_partial_tstat1.nii,TO2,partial,rh,1.0,75,4.49
perm_vsm4_TO2_rh_partial_tstat1.nii,TO2,partial,rh,2.0,159,6.23
perm_vsm4_TO2_rh_partial_tstat1.nii,TO2,partial,rh,3.0,183,6.63
perm_vsm4_TO2_rh_partial_tstat1.nii,TO2,partial,rh,4.0,159,4.32
perm_vsm4_TO2_rh_partial_tstat1.nii,TO2,partial,rh,5.0,159,7.91
perm_vsm4_TO2_rh_partial_tstat1.nii,TO2,partial,rh,6.0,124,7.78
perm_vsm4_TO2_rh_partial_tstat1.nii,TO2,partial,rh,7.0,32,5.21
perm_vsm4_TO2_rh_partial_tstat1.nii,TO2,partial,rh,8.0,67,4.55
perm_vsm4_TO2_rh_partial_tstat1.nii,TO2,partial,rh,9.0,17,4.15
perm_vsm4_TO2_rh_partial_tstat1.nii,TO2,partial,rh,10.0,38,5.05
perm_vsm4_V1d_lh_pearson_tstat1.nii,V1d,pearson,lh,0.0,901616,0.13
perm_vsm4_V1d_lh_pearson_tstat1.nii,V1d,pearson,lh,1.0,75,11.34
perm_vsm4_V1d_lh_pearson_tstat1.nii,V1d,pearson,lh,2.0,159,10.28
perm_vsm4_V1d_lh_pearson_tstat1.nii,V1d,pearson,lh,3.0,183,10.18
perm_vsm4_V1d_lh_pearson_tstat1.nii,V1d,pearson,lh,4.0,159,9.91
perm_vsm4_V1d_lh_pearson_tstat1.nii,V1d,pearson,lh,5.0,159,9.94
perm_vsm4_V1d_lh_pearson_tstat1.nii,V1d,pearson,lh,6.0,124,10.80
perm_vsm4_V1d_lh_pearson_tstat1.nii,V1d,pearson,lh,7.0,32,10.47
perm_vsm4_V1d_lh_pearson_tstat1.nii,V1d,pearson,lh,8.0,67,7.95
perm_vsm4_V1d_lh_pearson_tstat1.nii,V1d,pearson,lh,9.0,17,9.02
perm_vsm4_V1d_lh_pearson_tstat1.nii,V1d,pearson,lh,10.0,38,8.00
perm_vsm4_V1d_rh_pearson_tstat1.nii,V1d,pearson,rh,0.0,901616,0.15
perm_vsm4_V1d_rh_pearson_tstat1.nii,V1d,pearson,rh,1.0,75,12.04
perm_vsm4_V1d_rh_pearson_tstat1.nii,V1d,pearson,rh,2.0,159,10.70
perm_vsm4_V1d_rh_pearson_tstat1.nii,V1d,pearson,rh,3.0,183,10.28
perm_vsm4_V1d_rh_pearson_tstat1.nii,V1d,pearson,rh,4.0,159,10.55
perm_vsm4_V1d_rh_pearson_tstat1.nii,V1d,pearson,rh,5.0,159,10.05
perm_vsm4_V1d_rh_pearson_tstat1.nii,V1d,pearson,rh,6.0,124,11.39
perm_vsm4_V1d_rh_pearson_tstat1.nii,V1d,pearson,rh,7.0,32,11.05
perm_vsm4_V1d_rh_pearson_tstat1.nii,V1d,pearson,rh,8.0,67,8.46
perm_vsm4_V1d_rh_pearson_tstat1.nii,V1d,pearson,rh,9.0,17,9.59
perm_vsm4_V1d_rh_pearson_tstat1.nii,V1d,pearson,rh,10.0,38,8.44
perm_vsm4_V1d_bilat_pearson_tstat1.nii,V1d,pearson,bilat,0.0,901616,0.14
perm_vsm4_V1d_bilat_pearson_tstat1.nii,V1d,pearson,bilat,1.0,75,11.94
perm_vsm4_V1d_bilat_pearson_tstat1.nii,V1d,pearson,bilat,2.0,159,10.71
perm_vsm4_V1d_bilat_pearson_tstat1.nii,V1d,pearson,bilat,3.0,183,10.44
perm_vsm4_V1d_bilat_pearson_tstat1.nii,V1d,pearson,bilat,4.0,159,10.43
perm_vsm4_V1d_bilat_pearson_tstat1.nii,V1d,pearson,bilat,5.0,159,10.19
perm_vsm4_V1d_bilat_pearson_tstat1.nii,V1d,pearson,bilat,6.0,124,11.33
perm_vsm4_V1d_bilat_pearson_tstat1.nii,V1d,pearson,bilat,7.0,32,10.98
perm_vsm4_V1d_bilat_pearson_tstat1.nii,V1d,pearson,bilat,8.0,67,8.40
perm_vsm4_V1d_bilat_pearson_tstat1.nii,V1d,pearson,bilat,9.0,17,9.52
perm_vsm4_V1d_bilat_pearson_tstat1.nii,V1d,pearson,bilat,10.0,38,8.43
perm_vsm4_V1d_lh_partial_tstat1.nii,V1d,partial,lh,0.0,901616,0.06
perm_vsm4_V1d_lh_partial_tstat1.nii,V1d,partial,lh,1.0,75,5.50
perm_vsm4_V1d_lh_partial_tstat1.nii,V1d,partial,lh,2.0,159,5.17
perm_vsm4_V1d_lh_partial_tstat1.nii,V1d,partial,lh,3.0,183,5.75
perm_vsm4_V1d_lh_partial_tstat1.nii,V1d,partial,lh,4.0,159,4.73
perm_vsm4_V1d_lh_partial_tstat1.nii,V1d,partial,lh,5.0,159,5.88
perm_vsm4_V1d_lh_partial_tstat1.nii,V1d,partial,lh,6.0,124,5.40
perm_vsm4_V1d_lh_partial_tstat1.nii,V1d,partial,lh,7.0,32,5.19
perm_vsm4_V1d_lh_partial_tstat1.nii,V1d,partial,lh,8.0,67,3.93
perm_vsm4_V1d_lh_partial_tstat1.nii,V1d,partial,lh,9.0,17,4.30
perm_vsm4_V1d_lh_partial_tstat1.nii,V1d,partial,lh,10.0,38,3.88
perm_vsm4_V1d_rh_partial_tstat1.nii,V1d,partial,rh,0.0,901616,0.09
perm_vsm4_V1d_rh_partial_tstat1.nii,V1d,partial,rh,1.0,75,7.43
perm_vsm4_V1d_rh_partial_tstat1.nii,V1d,partial,rh,2.0,159,5.74
perm_vsm4_V1d_rh_partial_tstat1.nii,V1d,partial,rh,3.0,183,4.81
perm_vsm4_V1d_rh_partial_tstat1.nii,V1d,partial,rh,4.0,159,6.46
perm_vsm4_V1d_rh_partial_tstat1.nii,V1d,partial,rh,5.0,159,5.08
perm_vsm4_V1d_rh_partial_tstat1.nii,V1d,partial,rh,6.0,124,6.92
perm_vsm4_V1d_rh_partial_tstat1.nii,V1d,partial,rh,7.0,32,7.14
perm_vsm4_V1d_rh_partial_tstat1.nii,V1d,partial,rh,8.0,67,5.75
perm_vsm4_V1d_rh_partial_tstat1.nii,V1d,partial,rh,9.0,17,6.33
perm_vsm4_V1d_rh_partial_tstat1.nii,V1d,partial,rh,10.0,38,5.29
perm_vsm4_V1v_lh_pearson_tstat1.nii,V1v,pearson,lh,0.0,901616,0.15
perm_vsm4_V1v_lh_pearson_tstat1.nii,V1v,pearson,lh,1.0,75,12.22
perm_vsm4_V1v_lh_pearson_tstat1.nii,V1v,pearson,lh,2.0,159,11.11
perm_vsm4_V1v_lh_pearson_tstat1.nii,V1v,pearson,lh,3.0,183,10.87
perm_vsm4_V1v_lh_pearson_tstat1.nii,V1v,pearson,lh,4.0,159,10.84
perm_vsm4_V1v_lh_pearson_tstat1.nii,V1v,pearson,lh,5.0,159,10.28
perm_vsm4_V1v_lh_pearson_tstat1.nii,V1v,pearson,lh,6.0,124,10.95
perm_vsm4_V1v_lh_pearson_tstat1.nii,V1v,pearson,lh,7.0,32,10.37
perm_vsm4_V1v_lh_pearson_tstat1.nii,V1v,pearson,lh,8.0,67,7.72
perm_vsm4_V1v_lh_pearson_tstat1.nii,V1v,pearson,lh,9.0,17,9.17
perm_vsm4_V1v_lh_pearson_tstat1.nii,V1v,pearson,lh,10.0,38,7.75
perm_vsm4_V1v_rh_pearson_tstat1.nii,V1v,pearson,rh,0.0,901616,0.15
perm_vsm4_V1v_rh_pearson_tstat1.nii,V1v,pearson,rh,1.0,75,12.56
perm_vsm4_V1v_rh_pearson_tstat1.nii,V1v,pearson,rh,2.0,159,11.62
perm_vsm4_V1v_rh_pearson_tstat1.nii,V1v,pearson,rh,3.0,183,10.76
perm_vsm4_V1v_rh_pearson_tstat1.nii,V1v,pearson,rh,4.0,159,11.12
perm_vsm4_V1v_rh_pearson_tstat1.nii,V1v,pearson,rh,5.0,159,10.03
perm_vsm4_V1v_rh_pearson_tstat1.nii,V1v,pearson,rh,6.0,124,11.60
perm_vsm4_V1v_rh_pearson_tstat1.nii,V1v,pearson,rh,7.0,32,10.63
perm_vsm4_V1v_rh_pearson_tstat1.nii,V1v,pearson,rh,8.0,67,7.72
perm_vsm4_V1v_rh_pearson_tstat1.nii,V1v,pearson,rh,9.0,17,9.26
perm_vsm4_V1v_rh_pearson_tstat1.nii,V1v,pearson,rh,10.0,38,8.02
perm_vsm4_V1v_bilat_pearson_tstat1.nii,V1v,pearson,bilat,0.0,901616,0.16
perm_vsm4_V1v_bilat_pearson_tstat1.nii,V1v,pearson,bilat,1.0,75,13.20
perm_vsm4_V1v_bilat_pearson_tstat1.nii,V1v,pearson,bilat,2.0,159,12.18
perm_vsm4_V1v_bilat_pearson_tstat1.nii,V1v,pearson,bilat,3.0,183,11.63
perm_vsm4_V1v_bilat_pearson_tstat1.nii,V1v,pearson,bilat,4.0,159,11.75
perm_vsm4_V1v_bilat_pearson_tstat1.nii,V1v,pearson,bilat,5.0,159,10.80
perm_vsm4_V1v_bilat_pearson_tstat1.nii,V1v,pearson,bilat,6.0,124,11.98
perm_vsm4_V1v_bilat_pearson_tstat1.nii,V1v,pearson,bilat,7.0,32,11.05
perm_vsm4_V1v_bilat_pearson_tstat1.nii,V1v,pearson,bilat,8.0,67,8.17
perm_vsm4_V1v_bilat_pearson_tstat1.nii,V1v,pearson,bilat,9.0,17,9.72
perm_vsm4_V1v_bilat_pearson_tstat1.nii,V1v,pearson,bilat,10.0,38,8.38
perm_vsm4_V1v_lh_partial_tstat1.nii,V1v,partial,lh,0.0,901616,0.06
perm_vsm4_V1v_lh_partial_tstat1.nii,V1v,partial,lh,1.0,75,4.93
perm_vsm4_V1v_lh_partial_tstat1.nii,V1v,partial,lh,2.0,159,3.93
perm_vsm4_V1v_lh_partial_tstat1.nii,V1v,partial,lh,3.0,183,4.41
perm_vsm4_V1v_lh_partial_tstat1.nii,V1v,partial,lh,4.0,159,4.13
perm_vsm4_V1v_lh_partial_tstat1.nii,V1v,partial,lh,5.0,159,4.72
perm_vsm4_V1v_lh_partial_tstat1.nii,V1v,partial,lh,6.0,124,3.91
perm_vsm4_V1v_lh_partial_tstat1.nii,V1v,partial,lh,7.0,32,4.54
perm_vsm4_V1v_lh_partial_tstat1.nii,V1v,partial,lh,8.0,67,3.67
perm_vsm4_V1v_lh_partial_tstat1.nii,V1v,partial,lh,9.0,17,4.01
perm_vsm4_V1v_lh_partial_tstat1.nii,V1v,partial,lh,10.0,38,3.07
perm_vsm4_V1v_rh_partial_tstat1.nii,V1v,partial,rh,0.0,901616,0.06
perm_vsm4_V1v_rh_partial_tstat1.nii,V1v,partial,rh,1.0,75,5.47
perm_vsm4_V1v_rh_partial_tstat1.nii,V1v,partial,rh,2.0,159,4.95
perm_vsm4_V1v_rh_partial_tstat1.nii,V1v,partial,rh,3.0,183,4.03
perm_vsm4_V1v_rh_partial_tstat1.nii,V1v,partial,rh,4.0,159,4.78
perm_vsm4_V1v_rh_partial_tstat1.nii,V1v,partial,rh,5.0,159,3.78
perm_vsm4_V1v_rh_partial_tstat1.nii,V1v,partial,rh,6.0,124,5.69
perm_vsm4_V1v_rh_partial_tstat1.nii,V1v,partial,rh,7.0,32,5.37
perm_vsm4_V1v_rh_partial_tstat1.nii,V1v,partial,rh,8.0,67,3.78
perm_vsm4_V1v_rh_partial_tstat1.nii,V1v,partial,rh,9.0,17,4.51
perm_vsm4_V1v_rh_partial_tstat1.nii,V1v,partial,rh,10.0,38,4.13
perm_vsm4_V2d_lh_pearson_tstat1.nii,V2d,pearson,lh,0.0,901616,0.10
perm_vsm4_V2d_lh_pearson_tstat1.nii,V2d,pearson,lh,1.0,75,10.31
perm_vsm4_V2d_lh_pearson_tstat1.nii,V2d,pearson,lh,2.0,159,11.62
perm_vsm4_V2d_lh_pearson_tstat1.nii,V2d,pearson,lh,3.0,183,10.82
perm_vsm4_V2d_lh_pearson_tstat1.nii,V2d,pearson,lh,4.0,159,8.60
perm_vsm4_V2d_lh_pearson_tstat1.nii,V2d,pearson,lh,5.0,159,11.65
perm_vsm4_V2d_lh_pearson_tstat1.nii,V2d,pearson,lh,6.0,124,12.10
perm_vsm4_V2d_lh_pearson_tstat1.nii,V2d,pearson,lh,7.0,32,10.67
perm_vsm4_V2d_lh_pearson_tstat1.nii,V2d,pearson,lh,8.0,67,8.06
perm_vsm4_V2d_lh_pearson_tstat1.nii,V2d,pearson,lh,9.0,17,8.83
perm_vsm4_V2d_lh_pearson_tstat1.nii,V2d,pearson,lh,10.0,38,8.09
perm_vsm4_V2d_rh_pearson_tstat1.nii,V2d,pearson,rh,0.0,901616,0.10
perm_vsm4_V2d_rh_pearson_tstat1.nii,V2d,pearson,rh,1.0,75,10.26
perm_vsm4_V2d_rh_pearson_tstat1.nii,V2d,pearson,rh,2.0,159,10.53
perm_vsm4_V2d_rh_pearson_tstat1.nii,V2d,pearson,rh,3.0,183,10.71
perm_vsm4_V2d_rh_pearson_tstat1.nii,V2d,pearson,rh,4.0,159,8.55
perm_vsm4_V2d_rh_pearson_tstat1.nii,V2d,pearson,rh,5.0,159,11.16
perm_vsm4_V2d_rh_pearson_tstat1.nii,V2d,pearson,rh,6.0,124,11.70
perm_vsm4_V2d_rh_pearson_tstat1.nii,V2d,pearson,rh,7.0,32,10.48
perm_vsm4_V2d_rh_pearson_tstat1.nii,V2d,pearson,rh,8.0,67,8.25
perm_vsm4_V2d_rh_pearson_tstat1.nii,V2d,pearson,rh,9.0,17,8.97
perm_vsm4_V2d_rh_pearson_tstat1.nii,V2d,pearson,rh,10.0,38,7.96
perm_vsm4_V2d_bilat_pearson_tstat1.nii,V2d,pearson,bilat,0.0,901616,0.10
perm_vsm4_V2d_bilat_pearson_tstat1.nii,V2d,pearson,bilat,1.0,75,10.60
perm_vsm4_V2d_bilat_pearson_tstat1.nii,V2d,pearson,bilat,2.0,159,11.43
perm_vsm4_V2d_bilat_pearson_tstat1.nii,V2d,pearson,bilat,3.0,183,11.15
perm_vsm4_V2d_bilat_pearson_tstat1.nii,V2d,pearson,bilat,4.0,159,8.83
perm_vsm4_V2d_bilat_pearson_tstat1.nii,V2d,pearson,bilat,5.0,159,11.75
perm_vsm4_V2d_bilat_pearson_tstat1.nii,V2d,pearson,bilat,6.0,124,12.27
perm_vsm4_V2d_bilat_pearson_tstat1.nii,V2d,pearson,bilat,7.0,32,10.89
perm_vsm4_V2d_bilat_pearson_tstat1.nii,V2d,pearson,bilat,8.0,67,8.42
perm_vsm4_V2d_bilat_pearson_tstat1.nii,V2d,pearson,bilat,9.0,17,9.17
perm_vsm4_V2d_bilat_pearson_tstat1.nii,V2d,pearson,bilat,10.0,38,8.30
perm_vsm4_V2d_lh_partial_tstat1.nii,V2d,partial,lh,0.0,901616,0.03
perm_vsm4_V2d_lh_partial_tstat1.nii,V2d,partial,lh,1.0,75,4.65
perm_vsm4_V2d_lh_partial_tstat1.nii,V2d,partial,lh,2.0,159,6.51
perm_vsm4_V2d_lh_partial_tstat1.nii,V2d,partial,lh,3.0,183,4.54
perm_vsm4_V2d_lh_partial_tstat1.nii,V2d,partial,lh,4.0,159,3.56
perm_vsm4_V2d_lh_partial_tstat1.nii,V2d,partial,lh,5.0,159,6.06
perm_vsm4_V2d_lh_partial_tstat1.nii,V2d,partial,lh,6.0,124,6.20
perm_vsm4_V2d_lh_partial_tstat1.nii,V2d,partial,lh,7.0,32,5.78
perm_vsm4_V2d_lh_partial_tstat1.nii,V2d,partial,lh,8.0,67,4.01
perm_vsm4_V2d_lh_partial_tstat1.nii,V2d,partial,lh,9.0,17,4.05
perm_vsm4_V2d_lh_partial_tstat1.nii,V2d,partial,lh,10.0,38,4.23
perm_vsm4_V2d_rh_partial_tstat1.nii,V2d,partial,rh,0.0,901616,0.07
perm_vsm4_V2d_rh_partial_tstat1.nii,V2d,partial,rh,1.0,75,5.87
perm_vsm4_V2d_rh_partial_tstat1.nii,V2d,partial,rh,2.0,159,4.28
perm_vsm4_V2d_rh_partial_tstat1.nii,V2d,partial,rh,3.0,183,5.81
perm_vsm4_V2d_rh_partial_tstat1.nii,V2d,partial,rh,4.0,159,5.12
perm_vsm4_V2d_rh_partial_tstat1.nii,V2d,partial,rh,5.0,159,5.93
perm_vsm4_V2d_rh_partial_tstat1.nii,V2d,partial,rh,6.0,124,6.38
perm_vsm4_V2d_rh_partial_tstat1.nii,V2d,partial,rh,7.0,32,6.29
perm_vsm4_V2d_rh_partial_tstat1.nii,V2d,partial,rh,8.0,67,5.59
perm_vsm4_V2d_rh_partial_tstat1.nii,V2d,partial,rh,9.0,17,5.84
perm_vsm4_V2d_rh_partial_tstat1.nii,V2d,partial,rh,10.0,38,4.72
perm_vsm4_V2v_lh_pearson_tstat1.nii,V2v,pearson,lh,0.0,901616,0.09
perm_vsm4_V2v_lh_pearson_tstat1.nii,V2v,pearson,lh,1.0,75,9.47
perm_vsm4_V2v_lh_pearson_tstat1.nii,V2v,pearson,lh,2.0,159,10.28
perm_vsm4_V2v_lh_pearson_tstat1.nii,V2v,pearson,lh,3.0,183,10.44
perm_vsm4_V2v_lh_pearson_tstat1.nii,V2v,pearson,lh,4.0,159,7.90
perm_vsm4_V2v_lh_pearson_tstat1.nii,V2v,pearson,lh,5.0,159,10.15
perm_vsm4_V2v_lh_pearson_tstat1.nii,V2v,pearson,lh,6.0,124,10.53
perm_vsm4_V2v_lh_pearson_tstat1.nii,V2v,pearson,lh,7.0,32,8.77
perm_vsm4_V2v_lh_pearson_tstat1.nii,V2v,pearson,lh,8.0,67,6.79
perm_vsm4_V2v_lh_pearson_tstat1.nii,V2v,pearson,lh,9.0,17,7.36
perm_vsm4_V2v_lh_pearson_tstat1.nii,V2v,pearson,lh,10.0,38,6.76
perm_vsm4_V2v_rh_pearson_tstat1.nii,V2v,pearson,rh,0.0,901616,0.09
perm_vsm4_V2v_rh_pearson_tstat1.nii,V2v,pearson,rh,1.0,75,9.89
perm_vsm4_V2v_rh_pearson_tstat1.nii,V2v,pearson,rh,2.0,159,11.39
perm_vsm4_V2v_rh_pearson_tstat1.nii,V2v,pearson,rh,3.0,183,11.07
perm_vsm4_V2v_rh_pearson_tstat1.nii,V2v,pearson,rh,4.0,159,8.42
perm_vsm4_V2v_rh_pearson_tstat1.nii,V2v,pearson,rh,5.0,159,10.67
perm_vsm4_V2v_rh_pearson_tstat1.nii,V2v,pearson,rh,6.0,124,11.68
perm_vsm4_V2v_rh_pearson_tstat1.nii,V2v,pearson,rh,7.0,32,9.02
perm_vsm4_V2v_rh_pearson_tstat1.nii,V2v,pearson,rh,8.0,67,6.69
perm_vsm4_V2v_rh_pearson_tstat1.nii,V2v,pearson,rh,9.0,17,7.77
perm_vsm4_V2v_rh_pearson_tstat1.nii,V2v,pearson,rh,10.0,38,7.45
perm_vsm4_V2v_bilat_pearson_tstat1.nii,V2v,pearson,bilat,0.0,901616,0.09
perm_vsm4_V2v_bilat_pearson_tstat1.nii,V2v,pearson,bilat,1.0,75,10.37
perm_vsm4_V2v_bilat_pearson_tstat1.nii,V2v,pearson,bilat,2.0,159,11.57
perm_vsm4_V2v_bilat_pearson_tstat1.nii,V2v,pearson,bilat,3.0,183,11.60
perm_vsm4_V2v_bilat_pearson_tstat1.nii,V2v,pearson,bilat,4.0,159,8.82
perm_vsm4_V2v_bilat_pearson_tstat1.nii,V2v,pearson,bilat,5.0,159,11.14
perm_vsm4_V2v_bilat_pearson_tstat1.nii,V2v,pearson,bilat,6.0,124,11.83
perm_vsm4_V2v_bilat_pearson_tstat1.nii,V2v,pearson,bilat,7.0,32,9.43
perm_vsm4_V2v_bilat_pearson_tstat1.nii,V2v,pearson,bilat,8.0,67,7.22
perm_vsm4_V2v_bilat_pearson_tstat1.nii,V2v,pearson,bilat,9.0,17,8.06
perm_vsm4_V2v_bilat_pearson_tstat1.nii,V2v,pearson,bilat,10.0,38,7.62
perm_vsm4_V2v_lh_partial_tstat1.nii,V2v,partial,lh,0.0,901616,0.05
perm_vsm4_V2v_lh_partial_tstat1.nii,V2v,partial,lh,1.0,75,5.00
perm_vsm4_V2v_lh_partial_tstat1.nii,V2v,partial,lh,2.0,159,4.55
perm_vsm4_V2v_lh_partial_tstat1.nii,V2v,partial,lh,3.0,183,5.22
perm_vsm4_V2v_lh_partial_tstat1.nii,V2v,partial,lh,4.0,159,4.10
perm_vsm4_V2v_lh_partial_tstat1.nii,V2v,partial,lh,5.0,159,5.26
perm_vsm4_V2v_lh_partial_tstat1.nii,V2v,partial,lh,6.0,124,5.05
perm_vsm4_V2v_lh_partial_tstat1.nii,V2v,partial,lh,7.0,32,5.24
perm_vsm4_V2v_lh_partial_tstat1.nii,V2v,partial,lh,8.0,67,4.44
perm_vsm4_V2v_lh_partial_tstat1.nii,V2v,partial,lh,9.0,17,4.28
perm_vsm4_V2v_lh_partial_tstat1.nii,V2v,partial,lh,10.0,38,3.54
perm_vsm4_V2v_rh_partial_tstat1.nii,V2v,partial,rh,0.0,901616,0.04
perm_vsm4_V2v_rh_partial_tstat1.nii,V2v,partial,rh,1.0,75,4.50
perm_vsm4_V2v_rh_partial_tstat1.nii,V2v,partial,rh,2.0,159,5.53
perm_vsm4_V2v_rh_partial_tstat1.nii,V2v,partial,rh,3.0,183,4.88
perm_vsm4_V2v_rh_partial_tstat1.nii,V2v,partial,rh,4.0,159,3.76
perm_vsm4_V2v_rh_partial_tstat1.nii,V2v,partial,rh,5.0,159,5.10
perm_vsm4_V2v_rh_partial_tstat1.nii,V2v,partial,rh,6.0,124,6.25
perm_vsm4_V2v_rh_partial_tstat1.nii,V2v,partial,rh,7.0,32,4.91
perm_vsm4_V2v_rh_partial_tstat1.nii,V2v,partial,rh,8.0,67,3.54
perm_vsm4_V2v_rh_partial_tstat1.nii,V2v,partial,rh,9.0,17,4.44
perm_vsm4_V2v_rh_partial_tstat1.nii,V2v,partial,rh,10.0,38,4.71
perm_vsm4_V3A_lh_pearson_tstat1.nii,V3A,pearson,lh,0.0,901616,0.05
perm_vsm4_V3A_lh_pearson_tstat1.nii,V3A,pearson,lh,1.0,75,8.46
perm_vsm4_V3A_lh_pearson_tstat1.nii,V3A,pearson,lh,2.0,159,10.93
perm_vsm4_V3A_lh_pearson_tstat1.nii,V3A,pearson,lh,3.0,183,11.10
perm_vsm4_V3A_lh_pearson_tstat1.nii,V3A,pearson,lh,4.0,159,7.12
perm_vsm4_V3A_lh_pearson_tstat1.nii,V3A,pearson,lh,5.0,159,12.05
perm_vsm4_V3A_lh_pearson_tstat1.nii,V3A,pearson,lh,6.0,124,11.85
perm_vsm4_V3A_lh_pearson_tstat1.nii,V3A,pearson,lh,7.0,32,10.90
perm_vsm4_V3A_lh_pearson_tstat1.nii,V3A,pearson,lh,8.0,67,9.00
perm_vsm4_V3A_lh_pearson_tstat1.nii,V3A,pearson,lh,9.0,17,9.04
perm_vsm4_V3A_lh_pearson_tstat1.nii,V3A,pearson,lh,10.0,38,9.15
perm_vsm4_V3A_rh_pearson_tstat1.nii,V3A,pearson,rh,0.0,901616,0.06
perm_vsm4_V3A_rh_pearson_tstat1.nii,V3A,pearson,rh,1.0,75,8.54
perm_vsm4_V3A_rh_pearson_tstat1.nii,V3A,pearson,rh,2.0,159,10.60
perm_vsm4_V3A_rh_pearson_tstat1.nii,V3A,pearson,rh,3.0,183,11.40
perm_vsm4_V3A_rh_pearson_tstat1.nii,V3A,pearson,rh,4.0,159,7.24
perm_vsm4_V3A_rh_pearson_tstat1.nii,V3A,pearson,rh,5.0,159,11.92
perm_vsm4_V3A_rh_pearson_tstat1.nii,V3A,pearson,rh,6.0,124,12.15
perm_vsm4_V3A_rh_pearson_tstat1.nii,V3A,pearson,rh,7.0,32,10.52
perm_vsm4_V3A_rh_pearson_tstat1.nii,V3A,pearson,rh,8.0,67,8.87
perm_vsm4_V3A_rh_pearson_tstat1.nii,V3A,pearson,rh,9.0,17,9.03
perm_vsm4_V3A_rh_pearson_tstat1.nii,V3A,pearson,rh,10.0,38,9.21
perm_vsm4_V3A_bilat_pearson_tstat1.nii,V3A,pearson,bilat,0.0,901616,0.06
perm_vsm4_V3A_bilat_pearson_tstat1.nii,V3A,pearson,bilat,1.0,75,8.80
perm_vsm4_V3A_bilat_pearson_tstat1.nii,V3A,pearson,bilat,2.0,159,11.13
perm_vsm4_V3A_bilat_pearson_tstat1.nii,V3A,pearson,bilat,3.0,183,11.62
perm_vsm4_V3A_bilat_pearson_tstat1.nii,V3A,pearson,bilat,4.0,159,7.43
perm_vsm4_V3A_bilat_pearson_tstat1.nii,V3A,pearson,bilat,5.0,159,12.38
perm_vsm4_V3A_bilat_pearson_tstat1.nii,V3A,pearson,bilat,6.0,124,12.39
perm_vsm4_V3A_bilat_pearson_tstat1.nii,V3A,pearson,bilat,7.0,32,11.01
perm_vsm4_V3A_bilat_pearson_tstat1.nii,V3A,pearson,bilat,8.0,67,9.20
perm_vsm4_V3A_bilat_pearson_tstat1.nii,V3A,pearson,bilat,9.0,17,9.30
perm_vsm4_V3A_bilat_pearson_tstat1.nii,V3A,pearson,bilat,10.0,38,9.44
perm_vsm4_V3A_lh_partial_tstat1.nii,V3A,partial,lh,0.0,901616,0.02
perm_vsm4_V3A_lh_partial_tstat1.nii,V3A,partial,lh,1.0,75,3.50
perm_vsm4_V3A_lh_partial_tstat1.nii,V3A,partial,lh,2.0,159,4.95
perm_vsm4_V3A_lh_partial_tstat1.nii,V3A,partial,lh,3.0,183,3.93
perm_vsm4_V3A_lh_partial_tstat1.nii,V3A,partial,lh,4.0,159,2.63
perm_vsm4_V3A_lh_partial_tstat1.nii,V3A,partial,lh,5.0,159,5.25
perm_vsm4_V3A_lh_partial_tstat1.nii,V3A,partial,lh,6.0,124,4.74
perm_vsm4_V3A_lh_partial_tstat1.nii,V3A,partial,lh,7.0,32,5.86
perm_vsm4_V3A_lh_partial_tstat1.nii,V3A,partial,lh,8.0,67,4.70
perm_vsm4_V3A_lh_partial_tstat1.nii,V3A,partial,lh,9.0,17,4.39
perm_vsm4_V3A_lh_partial_tstat1.nii,V3A,partial,lh,10.0,38,4.37
perm_vsm4_V3A_rh_partial_tstat1.nii,V3A,partial,rh,0.0,901616,0.03
perm_vsm4_V3A_rh_partial_tstat1.nii,V3A,partial,rh,1.0,75,3.81
perm_vsm4_V3A_rh_partial_tstat1.nii,V3A,partial,rh,2.0,159,3.97
perm_vsm4_V3A_rh_partial_tstat1.nii,V3A,partial,rh,3.0,183,5.51
perm_vsm4_V3A_rh_partial_tstat1.nii,V3A,partial,rh,4.0,159,3.28
perm_vsm4_V3A_rh_partial_tstat1.nii,V3A,partial,rh,5.0,159,5.17
perm_vsm4_V3A_rh_partial_tstat1.nii,V3A,partial,rh,6.0,124,5.97
perm_vsm4_V3A_rh_partial_tstat1.nii,V3A,partial,rh,7.0,32,4.72
perm_vsm4_V3A_rh_partial_tstat1.nii,V3A,partial,rh,8.0,67,4.34
perm_vsm4_V3A_rh_partial_tstat1.nii,V3A,partial,rh,9.0,17,4.36
perm_vsm4_V3A_rh_partial_tstat1.nii,V3A,partial,rh,10.0,38,4.33
perm_vsm4_V3B_lh_pearson_tstat1.nii,V3B,pearson,lh,0.0,901616,0.07
perm_vsm4_V3B_lh_pearson_tstat1.nii,V3B,pearson,lh,1.0,75,9.29
perm_vsm4_V3B_lh_pearson_tstat1.nii,V3B,pearson,lh,2.0,159,10.56
perm_vsm4_V3B_lh_pearson_tstat1.nii,V3B,pearson,lh,3.0,183,11.61
perm_vsm4_V3B_lh_pearson_tstat1.nii,V3B,pearson,lh,4.0,159,8.23
perm_vsm4_V3B_lh_pearson_tstat1.nii,V3B,pearson,lh,5.0,159,12.60
perm_vsm4_V3B_lh_pearson_tstat1.nii,V3B,pearson,lh,6.0,124,12.59
perm_vsm4_V3B_lh_pearson_tstat1.nii,V3B,pearson,lh,7.0,32,10.73
perm_vsm4_V3B_lh_pearson_tstat1.nii,V3B,pearson,lh,8.0,67,8.95
perm_vsm4_V3B_lh_pearson_tstat1.nii,V3B,pearson,lh,9.0,17,8.74
perm_vsm4_V3B_lh_pearson_tstat1.nii,V3B,pearson,lh,10.0,38,8.89
perm_vsm4_V3B_rh_pearson_tstat1.nii,V3B,pearson,rh,0.0,901616,0.07
perm_vsm4_V3B_rh_pearson_tstat1.nii,V3B,pearson,rh,1.0,75,8.72
perm_vsm4_V3B_rh_pearson_tstat1.nii,V3B,pearson,rh,2.0,159,10.62
perm_vsm4_V3B_rh_pearson_tstat1.nii,V3B,pearson,rh,3.0,183,10.90
perm_vsm4_V3B_rh_pearson_tstat1.nii,V3B,pearson,rh,4.0,159,8.09
perm_vsm4_V3B_rh_pearson_tstat1.nii,V3B,pearson,rh,5.0,159,12.51
perm_vsm4_V3B_rh_pearson_tstat1.nii,V3B,pearson,rh,6.0,124,12.11
perm_vsm4_V3B_rh_pearson_tstat1.nii,V3B,pearson,rh,7.0,32,10.53
perm_vsm4_V3B_rh_pearson_tstat1.nii,V3B,pearson,rh,8.0,67,8.70
perm_vsm4_V3B_rh_pearson_tstat1.nii,V3B,pearson,rh,9.0,17,8.39
perm_vsm4_V3B_rh_pearson_tstat1.nii,V3B,pearson,rh,10.0,38,8.27
perm_vsm4_V3B_bilat_pearson_tstat1.nii,V3B,pearson,bilat,0.0,901616,0.07
perm_vsm4_V3B_bilat_pearson_tstat1.nii,V3B,pearson,bilat,1.0,75,9.44
perm_vsm4_V3B_bilat_pearson_tstat1.nii,V3B,pearson,bilat,2.0,159,11.14
perm_vsm4_V3B_bilat_pearson_tstat1.nii,V3B,pearson,bilat,3.0,183,11.83
perm_vsm4_V3B_bilat_pearson_tstat1.nii,V3B,pearson,bilat,4.0,159,8.65
perm_vsm4_V3B_bilat_pearson_tstat1.nii,V3B,pearson,bilat,5.0,159,13.17
perm_vsm4_V3B_bilat_pearson_tstat1.nii,V3B,pearson,bilat,6.0,124,12.92
perm_vsm4_V3B_bilat_pearson_tstat1.nii,V3B,pearson,bilat,7.0,32,11.11
perm_vsm4_V3B_bilat_pearson_tstat1.nii,V3B,pearson,bilat,8.0,67,9.21
perm_vsm4_V3B_bilat_pearson_tstat1.nii,V3B,pearson,bilat,9.0,17,8.99
perm_vsm4_V3B_bilat_pearson_tstat1.nii,V3B,pearson,bilat,10.0,38,8.97
perm_vsm4_V3B_lh_partial_tstat1.nii,V3B,partial,lh,0.0,901616,0.04
perm_vsm4_V3B_lh_partial_tstat1.nii,V3B,partial,lh,1.0,75,5.46
perm_vsm4_V3B_lh_partial_tstat1.nii,V3B,partial,lh,2.0,159,5.68
perm_vsm4_V3B_lh_partial_tstat1.nii,V3B,partial,lh,3.0,183,6.87
perm_vsm4_V3B_lh_partial_tstat1.nii,V3B,partial,lh,4.0,159,4.69
perm_vsm4_V3B_lh_partial_tstat1.nii,V3B,partial,lh,5.0,159,7.20
perm_vsm4_V3B_lh_partial_tstat1.nii,V3B,partial,lh,6.0,124,7.44
perm_vsm4_V3B_lh_partial_tstat1.nii,V3B,partial,lh,7.0,32,6.54
perm_vsm4_V3B_lh_partial_tstat1.nii,V3B,partial,lh,8.0,67,5.51
perm_vsm4_V3B_lh_partial_tstat1.nii,V3B,partial,lh,9.0,17,5.56
perm_vsm4_V3B_lh_partial_tstat1.nii,V3B,partial,lh,10.0,38,5.90
perm_vsm4_V3B_rh_partial_tstat1.nii,V3B,partial,rh,0.0,901616,0.03
perm_vsm4_V3B_rh_partial_tstat1.nii,V3B,partial,rh,1.0,75,4.15
perm_vsm4_V3B_rh_partial_tstat1.nii,V3B,partial,rh,2.0,159,5.41
perm_vsm4_V3B_rh_partial_tstat1.nii,V3B,partial,rh,3.0,183,4.96
perm_vsm4_V3B_rh_partial_tstat1.nii,V3B,partial,rh,4.0,159,4.11
perm_vsm4_V3B_rh_partial_tstat1.nii,V3B,partial,rh,5.0,159,6.91
perm_vsm4_V3B_rh_partial_tstat1.nii,V3B,partial,rh,6.0,124,6.43
perm_vsm4_V3B_rh_partial_tstat1.nii,V3B,partial,rh,7.0,32,5.98
perm_vsm4_V3B_rh_partial_tstat1.nii,V3B,partial,rh,8.0,67,5.04
perm_vsm4_V3B_rh_partial_tstat1.nii,V3B,partial,rh,9.0,17,4.46
perm_vsm4_V3B_rh_partial_tstat1.nii,V3B,partial,rh,10.0,38,4.03
perm_vsm4_V3d_lh_pearson_tstat1.nii,V3d,pearson,lh,0.0,901616,0.09
perm_vsm4_V3d_lh_pearson_tstat1.nii,V3d,pearson,lh,1.0,75,9.28
perm_vsm4_V3d_lh_pearson_tstat1.nii,V3d,pearson,lh,2.0,159,10.42
perm_vsm4_V3d_lh_pearson_tstat1.nii,V3d,pearson,lh,3.0,183,10.57
perm_vsm4_V3d_lh_pearson_tstat1.nii,V3d,pearson,lh,4.0,159,7.93
perm_vsm4_V3d_lh_pearson_tstat1.nii,V3d,pearson,lh,5.0,159,11.50
perm_vsm4_V3d_lh_pearson_tstat1.nii,V3d,pearson,lh,6.0,124,11.70
perm_vsm4_V3d_lh_pearson_tstat1.nii,V3d,pearson,lh,7.0,32,10.23
perm_vsm4_V3d_lh_pearson_tstat1.nii,V3d,pearson,lh,8.0,67,8.15
perm_vsm4_V3d_lh_pearson_tstat1.nii,V3d,pearson,lh,9.0,17,8.32
perm_vsm4_V3d_lh_pearson_tstat1.nii,V3d,pearson,lh,10.0,38,8.01
perm_vsm4_V3d_rh_pearson_tstat1.nii,V3d,pearson,rh,0.0,901616,0.09
perm_vsm4_V3d_rh_pearson_tstat1.nii,V3d,pearson,rh,1.0,75,9.45
perm_vsm4_V3d_rh_pearson_tstat1.nii,V3d,pearson,rh,2.0,159,10.01
perm_vsm4_V3d_rh_pearson_tstat1.nii,V3d,pearson,rh,3.0,183,10.39
perm_vsm4_V3d_rh_pearson_tstat1.nii,V3d,pearson,rh,4.0,159,7.94
perm_vsm4_V3d_rh_pearson_tstat1.nii,V3d,pearson,rh,5.0,159,11.20
perm_vsm4_V3d_rh_pearson_tstat1.nii,V3d,pearson,rh,6.0,124,12.00
perm_vsm4_V3d_rh_pearson_tstat1.nii,V3d,pearson,rh,7.0,32,10.02
perm_vsm4_V3d_rh_pearson_tstat1.nii,V3d,pearson,rh,8.0,67,8.01
perm_vsm4_V3d_rh_pearson_tstat1.nii,V3d,pearson,rh,9.0,17,8.87
perm_vsm4_V3d_rh_pearson_tstat1.nii,V3d,pearson,rh,10.0,38,8.24
perm_vsm4_V3d_bilat_pearson_tstat1.nii,V3d,pearson,bilat,0.0,901616,0.09
perm_vsm4_V3d_bilat_pearson_tstat1.nii,V3d,pearson,bilat,1.0,75,9.87
perm_vsm4_V3d_bilat_pearson_tstat1.nii,V3d,pearson,bilat,2.0,159,10.78
perm_vsm4_V3d_bilat_pearson_tstat1.nii,V3d,pearson,bilat,3.0,183,11.15
perm_vsm4_V3d_bilat_pearson_tstat1.nii,V3d,pearson,bilat,4.0,159,8.44
perm_vsm4_V3d_bilat_pearson_tstat1.nii,V3d,pearson,bilat,5.0,159,11.96
perm_vsm4_V3d_bilat_pearson_tstat1.nii,V3d,pearson,bilat,6.0,124,12.48
perm_vsm4_V3d_bilat_pearson_tstat1.nii,V3d,pearson,bilat,7.0,32,10.58
perm_vsm4_V3d_bilat_pearson_tstat1.nii,V3d,pearson,bilat,8.0,67,8.48
perm_vsm4_V3d_bilat_pearson_tstat1.nii,V3d,pearson,bilat,9.0,17,9.04
perm_vsm4_V3d_bilat_pearson_tstat1.nii,V3d,pearson,bilat,10.0,38,8.55
perm_vsm4_V3d_lh_partial_tstat1.nii,V3d,partial,lh,0.0,901616,0.03
perm_vsm4_V3d_lh_partial_tstat1.nii,V3d,partial,lh,1.0,75,3.97
perm_vsm4_V3d_lh_partial_tstat1.nii,V3d,partial,lh,2.0,159,5.27
perm_vsm4_V3d_lh_partial_tstat1.nii,V3d,partial,lh,3.0,183,4.89
perm_vsm4_V3d_lh_partial_tstat1.nii,V3d,partial,lh,4.0,159,3.44
perm_vsm4_V3d_lh_partial_tstat1.nii,V3d,partial,lh,5.0,159,5.71
perm_vsm4_V3d_lh_partial_tstat1.nii,V3d,partial,lh,6.0,124,5.34
perm_vsm4_V3d_lh_partial_tstat1.nii,V3d,partial,lh,7.0,32,5.58
perm_vsm4_V3d_lh_partial_tstat1.nii,V3d,partial,lh,8.0,67,4.52
perm_vsm4_V3d_lh_partial_tstat1.nii,V3d,partial,lh,9.0,17,3.53
perm_vsm4_V3d_lh_partial_tstat1.nii,V3d,partial,lh,10.0,38,3.89
perm_vsm4_V3d_rh_partial_tstat1.nii,V3d,partial,rh,0.0,901616,0.06
perm_vsm4_V3d_rh_partial_tstat1.nii,V3d,partial,rh,1.0,75,5.03
perm_vsm4_V3d_rh_partial_tstat1.nii,V3d,partial,rh,2.0,159,4.01
perm_vsm4_V3d_rh_partial_tstat1.nii,V3d,partial,rh,3.0,183,4.92
perm_vsm4_V3d_rh_partial_tstat1.nii,V3d,partial,rh,4.0,159,4.15
perm_vsm4_V3d_rh_partial_tstat1.nii,V3d,partial,rh,5.0,159,5.53
perm_vsm4_V3d_rh_partial_tstat1.nii,V3d,partial,rh,6.0,124,6.61
perm_vsm4_V3d_rh_partial_tstat1.nii,V3d,partial,rh,7.0,32,5.52
perm_vsm4_V3d_rh_partial_tstat1.nii,V3d,partial,rh,8.0,67,4.59
perm_vsm4_V3d_rh_partial_tstat1.nii,V3d,partial,rh,9.0,17,5.91
perm_vsm4_V3d_rh_partial_tstat1.nii,V3d,partial,rh,10.0,38,5.02
perm_vsm4_V3v_lh_pearson_tstat1.nii,V3v,pearson,lh,0.0,901616,0.07
perm_vsm4_V3v_lh_pearson_tstat1.nii,V3v,pearson,lh,1.0,75,8.16
perm_vsm4_V3v_lh_pearson_tstat1.nii,V3v,pearson,lh,2.0,159,9.45
perm_vsm4_V3v_lh_pearson_tstat1.nii,V3v,pearson,lh,3.0,183,9.42
perm_vsm4_V3v_lh_pearson_tstat1.nii,V3v,pearson,lh,4.0,159,6.62
perm_vsm4_V3v_lh_pearson_tstat1.nii,V3v,pearson,lh,5.0,159,9.47
perm_vsm4_V3v_lh_pearson_tstat1.nii,V3v,pearson,lh,6.0,124,9.70
perm_vsm4_V3v_lh_pearson_tstat1.nii,V3v,pearson,lh,7.0,32,8.09
perm_vsm4_V3v_lh_pearson_tstat1.nii,V3v,pearson,lh,8.0,67,6.62
perm_vsm4_V3v_lh_pearson_tstat1.nii,V3v,pearson,lh,9.0,17,6.30
perm_vsm4_V3v_lh_pearson_tstat1.nii,V3v,pearson,lh,10.0,38,6.39
perm_vsm4_V3v_rh_pearson_tstat1.nii,V3v,pearson,rh,0.0,901616,0.07
perm_vsm4_V3v_rh_pearson_tstat1.nii,V3v,pearson,rh,1.0,75,8.38
perm_vsm4_V3v_rh_pearson_tstat1.nii,V3v,pearson,rh,2.0,159,10.44
perm_vsm4_V3v_rh_pearson_tstat1.nii,V3v,pearson,rh,3.0,183,10.22
perm_vsm4_V3v_rh_pearson_tstat1.nii,V3v,pearson,rh,4.0,159,7.29
perm_vsm4_V3v_rh_pearson_tstat1.nii,V3v,pearson,rh,5.0,159,10.28
perm_vsm4_V3v_rh_pearson_tstat1.nii,V3v,pearson,rh,6.0,124,10.99
perm_vsm4_V3v_rh_pearson_tstat1.nii,V3v,pearson,rh,7.0,32,8.40
perm_vsm4_V3v_rh_pearson_tstat1.nii,V3v,pearson,rh,8.0,67,6.42
perm_vsm4_V3v_rh_pearson_tstat1.nii,V3v,pearson,rh,9.0,17,7.06
perm_vsm4_V3v_rh_pearson_tstat1.nii,V3v,pearson,rh,10.0,38,7.10
perm_vsm4_V3v_bilat_pearson_tstat1.nii,V3v,pearson,bilat,0.0,901616,0.08
perm_vsm4_V3v_bilat_pearson_tstat1.nii,V3v,pearson,bilat,1.0,75,9.08
perm_vsm4_V3v_bilat_pearson_tstat1.nii,V3v,pearson,bilat,2.0,159,10.85
perm_vsm4_V3v_bilat_pearson_tstat1.nii,V3v,pearson,bilat,3.0,183,10.81
perm_vsm4_V3v_bilat_pearson_tstat1.nii,V3v,pearson,bilat,4.0,159,7.68
perm_vsm4_V3v_bilat_pearson_tstat1.nii,V3v,pearson,bilat,5.0,159,10.83
perm_vsm4_V3v_bilat_pearson_tstat1.nii,V3v,pearson,bilat,6.0,124,11.31
perm_vsm4_V3v_bilat_pearson_tstat1.nii,V3v,pearson,bilat,7.0,32,8.95
perm_vsm4_V3v_bilat_pearson_tstat1.nii,V3v,pearson,bilat,8.0,67,7.13
perm_vsm4_V3v_bilat_pearson_tstat1.nii,V3v,pearson,bilat,9.0,17,7.31
perm_vsm4_V3v_bilat_pearson_tstat1.nii,V3v,pearson,bilat,10.0,38,7.41
perm_vsm4_V3v_lh_partial_tstat1.nii,V3v,partial,lh,0.0,901616,0.05
perm_vsm4_V3v_lh_partial_tstat1.nii,V3v,partial,lh,1.0,75,4.88
perm_vsm4_V3v_lh_partial_tstat1.nii,V3v,partial,lh,2.0,159,4.67
perm_vsm4_V3v_lh_partial_tstat1.nii,V3v,partial,lh,3.0,183,5.25
perm_vsm4_V3v_lh_partial_tstat1.nii,V3v,partial,lh,4.0,159,3.84
perm_vsm4_V3v_lh_partial_tstat1.nii,V3v,partial,lh,5.0,159,5.24
perm_vsm4_V3v_lh_partial_tstat1.nii,V3v,partial,lh,6.0,124,5.11
perm_vsm4_V3v_lh_partial_tstat1.nii,V3v,partial,lh,7.0,32,5.19
perm_vsm4_V3v_lh_partial_tstat1.nii,V3v,partial,lh,8.0,67,4.77
perm_vsm4_V3v_lh_partial_tstat1.nii,V3v,partial,lh,9.0,17,3.77
perm_vsm4_V3v_lh_partial_tstat1.nii,V3v,partial,lh,10.0,38,3.91
perm_vsm4_V3v_rh_partial_tstat1.nii,V3v,partial,rh,0.0,901616,0.04
perm_vsm4_V3v_rh_partial_tstat1.nii,V3v,partial,rh,1.0,75,4.38
perm_vsm4_V3v_rh_partial_tstat1.nii,V3v,partial,rh,2.0,159,6.03
perm_vsm4_V3v_rh_partial_tstat1.nii,V3v,partial,rh,3.0,183,5.42
perm_vsm4_V3v_rh_partial_tstat1.nii,V3v,partial,rh,4.0,159,3.79
perm_vsm4_V3v_rh_partial_tstat1.nii,V3v,partial,rh,5.0,159,5.93
perm_vsm4_V3v_rh_partial_tstat1.nii,V3v,partial,rh,6.0,124,6.91
perm_vsm4_V3v_rh_partial_tstat1.nii,V3v,partial,rh,7.0,32,5.26
perm_vsm4_V3v_rh_partial_tstat1.nii,V3v,partial,rh,8.0,67,3.87
perm_vsm4_V3v_rh_partial_tstat1.nii,V3v,partial,rh,9.0,17,4.91
perm_vsm4_V3v_rh_partial_tstat1.nii,V3v,partial,rh,10.0,38,4.83
perm_vsm4_VO1_lh_pearson_tstat1.nii,VO1,pearson,lh,0.0,901616,0.05
perm_vsm4_VO1_lh_pearson_tstat1.nii,VO1,pearson,lh,1.0,75,6.31
perm_vsm4_VO1_lh_pearson_tstat1.nii,VO1,pearson,lh,2.0,159,7.58
perm_vsm4_VO1_lh_pearson_tstat1.nii,VO1,pearson,lh,3.0,183,8.71
perm_vsm4_VO1_lh_pearson_tstat1.nii,VO1,pearson,lh,4.0,159,5.19
perm_vsm4_VO1_lh_pearson_tstat1.nii,VO1,pearson,lh,5.0,159,8.38
perm_vsm4_VO1_lh_pearson_tstat1.nii,VO1,pearson,lh,6.0,124,8.92
perm_vsm4_VO1_lh_pearson_tstat1.nii,VO1,pearson,lh,7.0,32,6.90
perm_vsm4_VO1_lh_pearson_tstat1.nii,VO1,pearson,lh,8.0,67,6.07
perm_vsm4_VO1_lh_pearson_tstat1.nii,VO1,pearson,lh,9.0,17,5.72
perm_vsm4_VO1_lh_pearson_tstat1.nii,VO1,pearson,lh,10.0,38,6.30
perm_vsm4_VO1_rh_pearson_tstat1.nii,VO1,pearson,rh,0.0,901616,0.05
perm_vsm4_VO1_rh_pearson_tstat1.nii,VO1,pearson,rh,1.0,75,6.64
perm_vsm4_VO1_rh_pearson_tstat1.nii,VO1,pearson,rh,2.0,159,9.04
perm_vsm4_VO1_rh_pearson_tstat1.nii,VO1,pearson,rh,3.0,183,8.97
perm_vsm4_VO1_rh_pearson_tstat1.nii,VO1,pearson,rh,4.0,159,5.80
perm_vsm4_VO1_rh_pearson_tstat1.nii,VO1,pearson,rh,5.0,159,9.24
perm_vsm4_VO1_rh_pearson_tstat1.nii,VO1,pearson,rh,6.0,124,9.94
perm_vsm4_VO1_rh_pearson_tstat1.nii,VO1,pearson,rh,7.0,32,7.20
perm_vsm4_VO1_rh_pearson_tstat1.nii,VO1,pearson,rh,8.0,67,5.62
perm_vsm4_VO1_rh_pearson_tstat1.nii,VO1,pearson,rh,9.0,17,6.21
perm_vsm4_VO1_rh_pearson_tstat1.nii,VO1,pearson,rh,10.0,38,6.30
perm_vsm4_VO1_bilat_pearson_tstat1.nii,VO1,pearson,bilat,0.0,901616,0.05
perm_vsm4_VO1_bilat_pearson_tstat1.nii,VO1,pearson,bilat,1.0,75,7.34
perm_vsm4_VO1_bilat_pearson_tstat1.nii,VO1,pearson,bilat,2.0,159,9.21
perm_vsm4_VO1_bilat_pearson_tstat1.nii,VO1,pearson,bilat,3.0,183,10.05
perm_vsm4_VO1_bilat_pearson_tstat1.nii,VO1,pearson,bilat,4.0,159,6.21
perm_vsm4_VO1_bilat_pearson_tstat1.nii,VO1,pearson,bilat,5.0,159,9.83
perm_vsm4_VO1_bilat_pearson_tstat1.nii,VO1,pearson,bilat,6.0,124,10.53
perm_vsm4_VO1_bilat_pearson_tstat1.nii,VO1,pearson,bilat,7.0,32,7.86
perm_vsm4_VO1_bilat_pearson_tstat1.nii,VO1,pearson,bilat,8.0,67,6.59
perm_vsm4_VO1_bilat_pearson_tstat1.nii,VO1,pearson,bilat,9.0,17,6.67
perm_vsm4_VO1_bilat_pearson_tstat1.nii,VO1,pearson,bilat,10.0,38,7.06
perm_vsm4_VO1_lh_partial_tstat1.nii,VO1,partial,lh,0.0,901616,0.04
perm_vsm4_VO1_lh_partial_tstat1.nii,VO1,partial,lh,1.0,75,4.73
perm_vsm4_VO1_lh_partial_tstat1.nii,VO1,partial,lh,2.0,159,5.21
perm_vsm4_VO1_lh_partial_tstat1.nii,VO1,partial,lh,3.0,183,6.46
perm_vsm4_VO1_lh_partial_tstat1.nii,VO1,partial,lh,4.0,159,3.84
perm_vsm4_VO1_lh_partial_tstat1.nii,VO1,partial,lh,5.0,159,6.30
perm_vsm4_VO1_lh_partial_tstat1.nii,VO1,partial,lh,6.0,124,6.49
perm_vsm4_VO1_lh_partial_tstat1.nii,VO1,partial,lh,7.0,32,5.64
perm_vsm4_VO1_lh_partial_tstat1.nii,VO1,partial,lh,8.0,67,5.34
perm_vsm4_VO1_lh_partial_tstat1.nii,VO1,partial,lh,9.0,17,4.58
perm_vsm4_VO1_lh_partial_tstat1.nii,VO1,partial,lh,10.0,38,5.12
perm_vsm4_VO1_rh_partial_tstat1.nii,VO1,partial,rh,0.0,901616,0.03
perm_vsm4_VO1_rh_partial_tstat1.nii,VO1,partial,rh,1.0,75,4.71
perm_vsm4_VO1_rh_partial_tstat1.nii,VO1,partial,rh,2.0,159,6.74
perm_vsm4_VO1_rh_partial_tstat1.nii,VO1,partial,rh,3.0,183,6.04
perm_vsm4_VO1_rh_partial_tstat1.nii,VO1,partial,rh,4.0,159,4.21
perm_vsm4_VO1_rh_partial_tstat1.nii,VO1,partial,rh,5.0,159,6.88
perm_vsm4_VO1_rh_partial_tstat1.nii,VO1,partial,rh,6.0,124,7.58
perm_vsm4_VO1_rh_partial_tstat1.nii,VO1,partial,rh,7.0,32,5.42
perm_vsm4_VO1_rh_partial_tstat1.nii,VO1,partial,rh,8.0,67,4.08
perm_vsm4_VO1_rh_partial_tstat1.nii,VO1,partial,rh,9.0,17,4.81
perm_vsm4_VO1_rh_partial_tstat1.nii,VO1,partial,rh,10.0,38,4.70
perm_vsm4_VO2_lh_pearson_tstat1.nii,VO2,pearson,lh,0.0,901616,0.05
perm_vsm4_VO2_lh_pearson_tstat1.nii,VO2,pearson,lh,1.0,75,7.07
perm_vsm4_VO2_lh_pearson_tstat1.nii,VO2,pearson,lh,2.0,159,8.90
perm_vsm4_VO2_lh_pearson_tstat1.nii,VO2,pearson,lh,3.0,183,9.73
perm_vsm4_VO2_lh_pearson_tstat1.nii,VO2,pearson,lh,4.0,159,6.09
perm_vsm4_VO2_lh_pearson_tstat1.nii,VO2,pearson,lh,5.0,159,9.69
perm_vsm4_VO2_lh_pearson_tstat1.nii,VO2,pearson,lh,6.0,124,9.65
perm_vsm4_VO2_lh_pearson_tstat1.nii,VO2,pearson,lh,7.0,32,7.98
perm_vsm4_VO2_lh_pearson_tstat1.nii,VO2,pearson,lh,8.0,67,6.73
perm_vsm4_VO2_lh_pearson_tstat1.nii,VO2,pearson,lh,9.0,17,6.71
perm_vsm4_VO2_lh_pearson_tstat1.nii,VO2,pearson,lh,10.0,38,7.16
perm_vsm4_VO2_rh_pearson_tstat1.nii,VO2,pearson,rh,0.0,901616,0.05
perm_vsm4_VO2_rh_pearson_tstat1.nii,VO2,pearson,rh,1.0,75,6.15
perm_vsm4_VO2_rh_pearson_tstat1.nii,VO2,pearson,rh,2.0,159,7.82
perm_vsm4_VO2_rh_pearson_tstat1.nii,VO2,pearson,rh,3.0,183,8.67
perm_vsm4_VO2_rh_pearson_tstat1.nii,VO2,pearson,rh,4.0,159,4.91
perm_vsm4_VO2_rh_pearson_tstat1.nii,VO2,pearson,rh,5.0,159,8.18
perm_vsm4_VO2_rh_pearson_tstat1.nii,VO2,pearson,rh,6.0,124,9.18
perm_vsm4_VO2_rh_pearson_tstat1.nii,VO2,pearson,rh,7.0,32,6.83
perm_vsm4_VO2_rh_pearson_tstat1.nii,VO2,pearson,rh,8.0,67,5.76
perm_vsm4_VO2_rh_pearson_tstat1.nii,VO2,pearson,rh,9.0,17,5.84
perm_vsm4_VO2_rh_pearson_tstat1.nii,VO2,pearson,rh,10.0,38,6.35
perm_vsm4_VO2_bilat_pearson_tstat1.nii,VO2,pearson,bilat,0.0,901616,0.05
perm_vsm4_VO2_bilat_pearson_tstat1.nii,VO2,pearson,bilat,1.0,75,7.18
perm_vsm4_VO2_bilat_pearson_tstat1.nii,VO2,pearson,bilat,2.0,159,8.94
perm_vsm4_VO2_bilat_pearson_tstat1.nii,VO2,pearson,bilat,3.0,183,10.02
perm_vsm4_VO2_bilat_pearson_tstat1.nii,VO2,pearson,bilat,4.0,159,5.94
perm_vsm4_VO2_bilat_pearson_tstat1.nii,VO2,pearson,bilat,5.0,159,9.59
perm_vsm4_VO2_bilat_pearson_tstat1.nii,VO2,pearson,bilat,6.0,124,10.15
perm_vsm4_VO2_bilat_pearson_tstat1.nii,VO2,pearson,bilat,7.0,32,7.98
perm_vsm4_VO2_bilat_pearson_tstat1.nii,VO2,pearson,bilat,8.0,67,6.79
perm_vsm4_VO2_bilat_pearson_tstat1.nii,VO2,pearson,bilat,9.0,17,6.80
perm_vsm4_VO2_bilat_pearson_tstat1.nii,VO2,pearson,bilat,10.0,38,7.32
perm_vsm4_VO2_lh_partial_tstat1.nii,VO2,partial,lh,0.0,901616,0.04
perm_vsm4_VO2_lh_partial_tstat1.nii,VO2,partial,lh,1.0,75,5.29
perm_vsm4_VO2_lh_partial_tstat1.nii,VO2,partial,lh,2.0,159,6.34
perm_vsm4_VO2_lh_partial_tstat1.nii,VO2,partial,lh,3.0,183,6.99
perm_vsm4_VO2_lh_partial_tstat1.nii,VO2,partial,lh,4.0,159,4.66
perm_vsm4_VO2_lh_partial_tstat1.nii,VO2,partial,lh,5.0,159,7.42
perm_vsm4_VO2_lh_partial_tstat1.nii,VO2,partial,lh,6.0,124,6.78
perm_vsm4_VO2_lh_partial_tstat1.nii,VO2,partial,lh,7.0,32,6.70
perm_vsm4_VO2_lh_partial_tstat1.nii,VO2,partial,lh,8.0,67,5.83
perm_vsm4_VO2_lh_partial_tstat1.nii,VO2,partial,lh,9.0,17,5.46
perm_vsm4_VO2_lh_partial_tstat1.nii,VO2,partial,lh,10.0,38,5.66
perm_vsm4_VO2_rh_partial_tstat1.nii,VO2,partial,rh,0.0,901616,0.04
perm_vsm4_VO2_rh_partial_tstat1.nii,VO2,partial,rh,1.0,75,4.31
perm_vsm4_VO2_rh_partial_tstat1.nii,VO2,partial,rh,2.0,159,5.51
perm_vsm4_VO2_rh_partial_tstat1.nii,VO2,partial,rh,3.0,183,6.06
perm_vsm4_VO2_rh_partial_tstat1.nii,VO2,partial,rh,4.0,159,3.33
perm_vsm4_VO2_rh_partial_tstat1.nii,VO2,partial,rh,5.0,159,5.82
perm_vsm4_VO2_rh_partial_tstat1.nii,VO2,partial,rh,6.0,124,7.08
perm_vsm4_VO2_rh_partial_tstat1.nii,VO2,partial,rh,7.0,32,4.99
perm_vsm4_VO2_rh_partial_tstat1.nii,VO2,partial,rh,8.0,67,4.28
perm_vsm4_VO2_rh_partial_tstat1.nii,VO2,partial,rh,9.0,17,4.41
perm_vsm4_VO2_rh_partial_tstat1.nii,VO2,partial,rh,10.0,38,4.82
perm_vsm4_hV4_lh_pearson_tstat1.nii,hV4,pearson,lh,0.0,901616,0.07
perm_vsm4_hV4_lh_pearson_tstat1.nii,hV4,pearson,lh,1.0,75,7.41
perm_vsm4_hV4_lh_pearson_tstat1.nii,hV4,pearson,lh,2.0,159,8.13
perm_vsm4_hV4_lh_pearson_tstat1.nii,hV4,pearson,lh,3.0,183,8.78
perm_vsm4_hV4_lh_pearson_tstat1.nii,hV4,pearson,lh,4.0,159,6.12
perm_vsm4_hV4_lh_pearson_tstat1.nii,hV4,pearson,lh,5.0,159,9.00
perm_vsm4_hV4_lh_pearson_tstat1.nii,hV4,pearson,lh,6.0,124,9.33
perm_vsm4_hV4_lh_pearson_tstat1.nii,hV4,pearson,lh,7.0,32,7.22
perm_vsm4_hV4_lh_pearson_tstat1.nii,hV4,pearson,lh,8.0,67,6.14
perm_vsm4_hV4_lh_pearson_tstat1.nii,hV4,pearson,lh,9.0,17,5.68
perm_vsm4_hV4_lh_pearson_tstat1.nii,hV4,pearson,lh,10.0,38,5.86
perm_vsm4_hV4_rh_pearson_tstat1.nii,hV4,pearson,rh,0.0,901616,0.07
perm_vsm4_hV4_rh_pearson_tstat1.nii,hV4,pearson,rh,1.0,75,8.40
perm_vsm4_hV4_rh_pearson_tstat1.nii,hV4,pearson,rh,2.0,159,10.10
perm_vsm4_hV4_rh_pearson_tstat1.nii,hV4,pearson,rh,3.0,183,9.56
perm_vsm4_hV4_rh_pearson_tstat1.nii,hV4,pearson,rh,4.0,159,7.08
perm_vsm4_hV4_rh_pearson_tstat1.nii,hV4,pearson,rh,5.0,159,10.33
perm_vsm4_hV4_rh_pearson_tstat1.nii,hV4,pearson,rh,6.0,124,11.15
perm_vsm4_hV4_rh_pearson_tstat1.nii,hV4,pearson,rh,7.0,32,8.22
perm_vsm4_hV4_rh_pearson_tstat1.nii,hV4,pearson,rh,8.0,67,6.54
perm_vsm4_hV4_rh_pearson_tstat1.nii,hV4,pearson,rh,9.0,17,6.67
perm_vsm4_hV4_rh_pearson_tstat1.nii,hV4,pearson,rh,10.0,38,6.89
perm_vsm4_hV4_bilat_pearson_tstat1.nii,hV4,pearson,bilat,0.0,901616,0.08
perm_vsm4_hV4_bilat_pearson_tstat1.nii,hV4,pearson,bilat,1.0,75,8.76
perm_vsm4_hV4_bilat_pearson_tstat1.nii,hV4,pearson,bilat,2.0,159,9.93
perm_vsm4_hV4_bilat_pearson_tstat1.nii,hV4,pearson,bilat,3.0,183,10.21
perm_vsm4_hV4_bilat_pearson_tstat1.nii,hV4,pearson,bilat,4.0,159,7.28
perm_vsm4_hV4_bilat_pearson_tstat1.nii,hV4,pearson,bilat,5.0,159,10.56
perm_vsm4_hV4_bilat_pearson_tstat1.nii,hV4,pearson,bilat,6.0,124,11.20
perm_vsm4_hV4_bilat_pearson_tstat1.nii,hV4,pearson,bilat,7.0,32,8.41
perm_vsm4_hV4_bilat_pearson_tstat1.nii,hV4,pearson,bilat,8.0,67,7.01
perm_vsm4_hV4_bilat_pearson_tstat1.nii,hV4,pearson,bilat,9.0,17,6.75
perm_vsm4_hV4_bilat_pearson_tstat1.nii,hV4,pearson,bilat,10.0,38,7.02
perm_vsm4_hV4_lh_partial_tstat1.nii,hV4,partial,lh,0.0,901616,0.04
perm_vsm4_hV4_lh_partial_tstat1.nii,hV4,partial,lh,1.0,75,4.11
perm_vsm4_hV4_lh_partial_tstat1.nii,hV4,partial,lh,2.0,159,3.81
perm_vsm4_hV4_lh_partial_tstat1.nii,hV4,partial,lh,3.0,183,5.08
perm_vsm4_hV4_lh_partial_tstat1.nii,hV4,partial,lh,4.0,159,3.55
perm_vsm4_hV4_lh_partial_tstat1.nii,hV4,partial,lh,5.0,159,5.06
perm_vsm4_hV4_lh_partial_tstat1.nii,hV4,partial,lh,6.0,124,4.97
perm_vsm4_hV4_lh_partial_tstat1.nii,hV4,partial,lh,7.0,32,4.39
perm_vsm4_hV4_lh_partial_tstat1.nii,hV4,partial,lh,8.0,67,4.02
perm_vsm4_hV4_lh_partial_tstat1.nii,hV4,partial,lh,9.0,17,3.43
perm_vsm4_hV4_lh_partial_tstat1.nii,hV4,partial,lh,10.0,38,3.42
perm_vsm4_hV4_rh_partial_tstat1.nii,hV4,partial,rh,0.0,901616,0.05
perm_vsm4_hV4_rh_partial_tstat1.nii,hV4,partial,rh,1.0,75,5.31
perm_vsm4_hV4_rh_partial_tstat1.nii,hV4,partial,rh,2.0,159,6.48
perm_vsm4_hV4_rh_partial_tstat1.nii,hV4,partial,rh,3.0,183,5.49
perm_vsm4_hV4_rh_partial_tstat1.nii,hV4,partial,rh,4.0,159,4.30
perm_vsm4_hV4_rh_partial_tstat1.nii,hV4,partial,rh,5.0,159,6.65
perm_vsm4_hV4_rh_partial_tstat1.nii,hV4,partial,rh,6.0,124,7.61
perm_vsm4_hV4_rh_partial_tstat1.nii,hV4,partial,rh,7.0,32,5.88
perm_vsm4_hV4_rh_partial_tstat1.nii,hV4,partial,rh,8.0,67,4.78
perm_vsm4_hV4_rh_partial_tstat1.nii,hV4,partial,rh,9.0,17,4.88
perm_vsm4_hV4_rh_partial_tstat1.nii,hV4,partial,rh,10.0,38,5.22
